Name,PD Notation,Volume,Crossing Number,Determinant
2^2_1,[[3; 0; 2; 1]; [1; 2; 0; 3]],-1.06 E-7,2,31
4^2_1,[[5; 0; 6; 1]; [1; 6; 2; 7]; [7; 2; 4; 3]; [3; 4; 0; 5]],0,4,31
5^2_1,[[7; 0; 8; 1]; [1; 4; 2; 5]; [9; 3; 6; 2]; [3; 9; 4; 8]; [5; 6; 0; 7]],3.66386237671,5,31
6^2_1,[[0; 8; 1; 7]; [6; 2; 7; 1]; [2; 6; 3; 11]; [10; 4; 11; 3]; [4; 10; 5; 9]; [8; 0; 9; 5]],0,6,31
6^2_2,[[7; 0; 8; 1]; [1; 8; 2; 9]; [9; 2; 10; 3]; [3; 6; 4; 7]; [11; 4; 6; 5]; [5; 10; 0; 11]],4.0597664256,6,31
6^2_3,[[9; 0; 10; 1]; [1; 6; 2; 7]; [5; 2; 6; 3]; [3; 10; 4; 11]; [11; 4; 8; 5]; [7; 8; 0; 9]],5.3334895669,6,31
7^2_1,[[0; 9; 1; 10]; [4; 1; 5; 2]; [2; 12; 3; 11]; [10; 4; 11; 3]; [12; 5; 13; 6]; [6; 13; 7; 8]; [8; 7; 9; 0]],4.7494999819,7,31
7^2_2,[[0; 10; 1; 9]; [8; 2; 9; 1]; [2; 7; 3; 0]; [12; 3; 13; 4]; [4; 11; 5; 12]; [10; 5; 11; 6]; [6; 13; 7; 8]],6.59895153944,7,31
7^2_3,[[11; 0; 12; 1]; [1; 8; 2; 9]; [7; 2; 8; 3]; [3; 6; 4; 7]; [13; 5; 10; 4]; [5; 13; 6; 12]; [9; 10; 0; 11]],6.1381387891,7,31
7^2_4,[[0; 12; 1; 11]; [6; 2; 7; 1]; [2; 8; 3; 7]; [8; 4; 9; 3]; [4; 13; 5; 10]; [12; 5; 13; 6]; [10; 0; 11; 9]],6.13813878909,7,31
7^2_5,[[11; 1; 12; 0]; [1; 6; 2; 7]; [7; 2; 8; 3]; [3; 13; 4; 12]; [13; 5; 10; 4]; [5; 8; 6; 9]; [9; 11; 0; 10]],7.70691180281,7,31
7^2_6,[[5; 0; 6; 1]; [1; 12; 2; 13]; [7; 3; 8; 2]; [3; 11; 4; 10]; [9; 4; 0; 5]; [11; 7; 12; 6]; [13; 8; 10; 9]],8.9973519436,7,31
7^2_7,[[0; 12; 1; 11]; [6; 2; 7; 1]; [2; 8; 3; 7]; [8; 4; 9; 3]; [13; 5; 10; 4]; [5; 13; 6; 12]; [10; 0; 11; 9]],0,7,31
7^2_8,[[11; 1; 12; 0]; [1; 6; 2; 7]; [7; 2; 8; 3]; [12; 3; 13; 4]; [4; 13; 5; 10]; [5; 8; 6; 9]; [9; 11; 0; 10]],3.6638623767,7,31
8^2_1,[[0; 10; 1; 9]; [8; 2; 9; 1]; [2; 8; 3; 15]; [14; 4; 15; 3]; [4; 14; 5; 13]; [12; 6; 13; 5]; [6; 12; 7; 11]; [10; 0; 11; 7]],0,8,31
8^2_2,[[0; 10; 1; 9]; [10; 2; 11; 1]; [2; 12; 3; 11]; [12; 4; 13; 3]; [4; 14; 5; 13]; [8; 6; 9; 5]; [6; 8; 7; 15]; [14; 0; 15; 7]],4.8511707573,8,31
8^2_3,[[11; 1; 12; 0]; [1; 11; 2; 10]; [7; 2; 8; 3]; [3; 6; 4; 7]; [15; 5; 10; 4]; [5; 15; 6; 14]; [13; 9; 14; 8]; [9; 13; 0; 12]],6.94755544859,8,31
8^2_4,[[9; 0; 10; 1]; [1; 14; 2; 15]; [13; 2; 14; 3]; [3; 10; 4; 11]; [11; 4; 12; 5]; [5; 12; 6; 13]; [15; 6; 8; 7]; [7; 8; 0; 9]],7.5176898965,8,31
8^2_5,[[3; 0; 4; 1]; [1; 11; 2; 10]; [9; 3; 10; 2]; [15; 5; 8; 4]; [5; 13; 6; 12]; [13; 7; 14; 6]; [7; 15; 0; 14]; [11; 8; 12; 9]],7.8945944872,8,31
8^2_6,[[13; 0; 14; 1]; [1; 10; 2; 11]; [9; 2; 10; 3]; [3; 8; 4; 9]; [7; 4; 8; 5]; [5; 14; 6; 15]; [15; 6; 12; 7]; [11; 12; 0; 13]],6.55174328789,8,31
8^2_7,[[11; 1; 12; 0]; [1; 4; 2; 5]; [15; 2; 10; 3]; [3; 10; 4; 11]; [5; 8; 6; 9]; [13; 6; 14; 7]; [7; 14; 8; 15]; [9; 13; 0; 12]],8.8306649549,8,31
8^2_8,[[9; 0; 10; 1]; [1; 15; 2; 14]; [5; 3; 6; 2]; [3; 12; 4; 13]; [11; 4; 12; 5]; [13; 7; 14; 6]; [7; 8; 0; 9]; [15; 10; 8; 11]],9.6728077308,8,31
8^2_9,[[5; 0; 6; 1]; [1; 4; 2; 5]; [9; 3; 10; 2]; [3; 9; 4; 8]; [13; 6; 14; 7]; [7; 12; 8; 13]; [15; 10; 12; 11]; [11; 14; 0; 15]],8.9673608488,8,31
8^2_10,[[3; 1; 4; 0]; [1; 8; 2; 9]; [7; 2; 8; 3]; [9; 5; 10; 4]; [5; 13; 6; 12]; [13; 7; 14; 6]; [15; 10; 12; 11]; [11; 14; 0; 15]],9.6594985450,8,31
8^2_11,[[0; 13; 1; 14]; [8; 2; 9; 1]; [2; 10; 3; 9]; [10; 4; 11; 3]; [4; 8; 5; 7]; [12; 5; 13; 6]; [6; 15; 7; 12]; [14; 11; 15; 0]],8.7933456039,8,31
8^2_12,[[13; 0; 14; 1]; [1; 12; 2; 13]; [9; 2; 10; 3]; [3; 10; 4; 11]; [7; 5; 8; 4]; [5; 15; 6; 14]; [15; 7; 12; 6]; [11; 8; 0; 9]],9.6594985450,8,31
8^2_13,[[13; 0; 14; 1]; [1; 8; 2; 9]; [15; 3; 12; 2]; [3; 7; 4; 6]; [11; 4; 0; 5]; [5; 10; 6; 11]; [7; 15; 8; 14]; [9; 12; 10; 13]],11.3707741795,8,31
8^2_14,[[0; 14; 1; 13]; [8; 2; 9; 1]; [2; 8; 3; 7]; [14; 4; 15; 3]; [4; 0; 5; 11]; [10; 6; 11; 5]; [6; 12; 7; 15]; [12; 10; 13; 9]],10.6669791338,8,31
8^2_15,[[7; 1; 8; 0]; [1; 7; 2; 6]; [2; 14; 3; 13]; [12; 4; 13; 3]; [9; 4; 10; 5]; [5; 8; 6; 9]; [15; 10; 12; 11]; [11; 14; 0; 15]],3.66386237671,8,31
8^2_16,[[3; 1; 4; 0]; [1; 8; 2; 9]; [7; 2; 8; 3]; [9; 5; 10; 4]; [12; 5; 13; 6]; [6; 13; 7; 14]; [15; 10; 12; 11]; [11; 14; 0; 15]],5.3334895669,8,31
9^2_1,[[0; 11; 1; 12]; [12; 1; 13; 2]; [2; 13; 3; 14]; [14; 3; 15; 4]; [4; 15; 5; 16]; [16; 5; 17; 6]; [6; 9; 7; 0]; [10; 8; 11; 7]; [8; 10; 9; 17]],5.0448991629,9,31
9^2_2,[[11; 0; 12; 1]; [1; 10; 2; 11]; [17; 2; 10; 3]; [3; 16; 4; 17]; [15; 4; 16; 5]; [5; 8; 6; 9]; [13; 7; 14; 6]; [7; 13; 8; 12]; [9; 14; 0; 15]],7.2443203509,9,31
9^2_3,[[0; 7; 1; 8]; [6; 1; 7; 2]; [2; 5; 3; 6]; [12; 3; 13; 4]; [4; 13; 5; 14]; [8; 12; 9; 17]; [16; 10; 17; 9]; [10; 16; 11; 15]; [14; 0; 15; 11]],8.0855866055,9,31
9^2_4,[[0; 11; 1; 12]; [12; 1; 13; 2]; [2; 13; 3; 14]; [8; 3; 9; 4]; [4; 10; 5; 17]; [16; 6; 17; 5]; [6; 16; 7; 15]; [14; 8; 15; 7]; [10; 9; 11; 0]],5.8759180827,9,31
9^2_5,[[0; 11; 1; 12]; [12; 1; 13; 2]; [2; 13; 3; 14]; [8; 4; 9; 3]; [4; 16; 5; 15]; [16; 6; 17; 5]; [6; 10; 7; 17]; [10; 8; 11; 7]; [14; 9; 15; 0]],8.0516840589,9,31
9^2_6,[[0; 12; 1; 11]; [10; 2; 11; 1]; [2; 9; 3; 0]; [14; 3; 15; 4]; [4; 13; 5; 14]; [12; 5; 13; 6]; [6; 15; 7; 16]; [16; 7; 17; 8]; [8; 17; 9; 10]],9.1811873306,9,31
9^2_7,[[11; 0; 12; 1]; [1; 12; 2; 13]; [15; 2; 16; 3]; [3; 6; 4; 7]; [17; 5; 10; 4]; [5; 17; 6; 16]; [7; 14; 8; 15]; [13; 8; 14; 9]; [9; 10; 0; 11]],10.394372662,9,31
9^2_8,[[0; 12; 1; 11]; [10; 2; 11; 1]; [2; 9; 3; 0]; [8; 3; 9; 4]; [4; 13; 5; 14]; [16; 5; 17; 6]; [6; 15; 7; 16]; [14; 7; 15; 8]; [12; 17; 13; 10]],8.5843946543,9,31
9^2_9,[[11; 1; 12; 0]; [1; 11; 2; 10]; [17; 3; 10; 2]; [3; 9; 4; 8]; [15; 4; 16; 5]; [5; 12; 6; 13]; [13; 6; 14; 7]; [7; 14; 8; 15]; [9; 17; 0; 16]],9.4178076316,9,31
9^2_10,[[11; 0; 12; 1]; [1; 10; 2; 11]; [9; 2; 10; 3]; [3; 8; 4; 9]; [7; 4; 8; 5]; [5; 17; 6; 16]; [15; 7; 16; 6]; [17; 12; 14; 13]; [13; 14; 0; 15]],6.78475578693,9,31
9^2_11,[[0; 14; 1; 13]; [4; 1; 5; 2]; [2; 17; 3; 12]; [12; 3; 13; 4]; [10; 5; 11; 6]; [6; 9; 7; 10]; [16; 8; 17; 7]; [8; 16; 9; 15]; [14; 0; 15; 11]],10.7590466408,9,31
9^2_12,[[0; 14; 1; 13]; [12; 2; 13; 1]; [2; 11; 3; 0]; [16; 3; 17; 4]; [4; 10; 5; 9]; [8; 6; 9; 5]; [6; 15; 7; 16]; [14; 7; 15; 8]; [10; 17; 11; 12]],11.1884778025,9,31
9^2_13,[[0; 8; 1; 7]; [8; 2; 9; 1]; [2; 10; 3; 9]; [10; 4; 11; 3]; [4; 12; 5; 11]; [16; 5; 17; 6]; [6; 15; 7; 16]; [12; 14; 13; 17]; [14; 0; 15; 13]],6.78475578693,9,31
9^2_14,[[0; 7; 1; 8]; [8; 1; 9; 2]; [2; 9; 3; 10]; [10; 3; 11; 4]; [4; 15; 5; 16]; [14; 5; 15; 6]; [6; 11; 7; 12]; [12; 17; 13; 14]; [16; 13; 17; 0]],9.3123413166,9,31
9^2_15,[[0; 16; 1; 15]; [10; 2; 11; 1]; [2; 10; 3; 9]; [8; 4; 9; 3]; [4; 12; 5; 11]; [12; 6; 13; 5]; [6; 17; 7; 14]; [16; 7; 17; 8]; [14; 0; 15; 13]],10.2491949680,9,31
9^2_16,[[0; 15; 1; 16]; [8; 1; 9; 2]; [2; 11; 3; 12]; [10; 3; 11; 4]; [4; 9; 5; 10]; [14; 5; 15; 6]; [6; 17; 7; 14]; [12; 7; 13; 8]; [16; 13; 17; 0]],10.5628063121,9,31
9^2_17,[[15; 0; 16; 1]; [1; 8; 2; 9]; [9; 2; 10; 3]; [3; 14; 4; 15]; [17; 4; 14; 5]; [5; 12; 6; 13]; [11; 6; 12; 7]; [7; 10; 8; 11]; [13; 16; 0; 17]],9.6653464194,9,31
9^2_18,[[0; 16; 1; 15]; [10; 2; 11; 1]; [2; 8; 3; 7]; [6; 4; 7; 3]; [4; 12; 5; 11]; [12; 6; 13; 5]; [8; 17; 9; 14]; [16; 9; 17; 10]; [14; 0; 15; 13]],11.3817860906,9,31
9^2_19,[[7; 1; 8; 0]; [1; 9; 2; 8]; [9; 3; 10; 2]; [3; 13; 4; 12]; [13; 5; 14; 4]; [5; 15; 6; 14]; [15; 7; 16; 6]; [17; 10; 12; 11]; [11; 16; 0; 17]],7.4535732503,9,31
9^2_20,[[13; 1; 14; 0]; [1; 6; 2; 7]; [7; 2; 8; 3]; [3; 15; 4; 14]; [15; 5; 16; 4]; [5; 8; 6; 9]; [9; 17; 10; 16]; [17; 11; 12; 10]; [11; 13; 0; 12]],9.1244155094,9,31
9^2_21,[[13; 0; 14; 1]; [1; 14; 2; 15]; [15; 2; 16; 3]; [3; 9; 4; 8]; [9; 5; 10; 4]; [5; 11; 6; 10]; [17; 7; 12; 6]; [7; 13; 8; 12]; [11; 16; 0; 17]],9.8147296988,9,31
9^2_22,[[13; 0; 14; 1]; [1; 14; 2; 15]; [15; 2; 16; 3]; [3; 8; 4; 9]; [9; 4; 10; 5]; [5; 12; 6; 13]; [17; 6; 12; 7]; [7; 10; 8; 11]; [11; 16; 0; 17]],10.9566578166,9,31
9^2_23,[[0; 11; 1; 12]; [10; 1; 11; 2]; [2; 17; 3; 10]; [6; 3; 7; 4]; [4; 14; 5; 13]; [12; 6; 13; 5]; [16; 7; 17; 8]; [8; 15; 9; 16]; [14; 9; 15; 0]],9.6343801596,9,31
9^2_24,[[0; 13; 1; 14]; [10; 1; 11; 2]; [2; 5; 3; 6]; [16; 3; 17; 4]; [4; 17; 5; 12]; [6; 9; 7; 10]; [14; 7; 15; 8]; [8; 15; 9; 16]; [12; 11; 13; 0]],12.046092040,9,31
9^2_25,[[13; 1; 14; 0]; [1; 6; 2; 7]; [5; 2; 6; 3]; [3; 11; 4; 10]; [9; 5; 10; 4]; [7; 16; 8; 17]; [15; 8; 16; 9]; [11; 13; 0; 12]; [17; 15; 12; 14]],11.381786091,9,31
9^2_26,[[3; 1; 4; 0]; [1; 15; 2; 14]; [15; 3; 16; 2]; [11; 5; 12; 4]; [5; 9; 6; 8]; [13; 6; 0; 7]; [7; 12; 8; 13]; [9; 17; 10; 16]; [17; 11; 14; 10]],11.7622342871,9,31
9^2_27,[[5; 1; 6; 0]; [1; 5; 2; 4]; [15; 2; 16; 3]; [3; 14; 4; 15]; [11; 7; 12; 6]; [7; 13; 8; 12]; [13; 9; 0; 8]; [9; 17; 10; 16]; [17; 11; 14; 10]],10.249194968,9,31
9^2_28,[[5; 1; 6; 0]; [1; 5; 2; 4]; [15; 2; 16; 3]; [3; 14; 4; 15]; [9; 6; 10; 7]; [7; 12; 8; 13]; [13; 8; 0; 9]; [17; 10; 14; 11]; [11; 16; 12; 17]],10.7402576677,9,31
9^2_29,[[0; 5; 1; 6]; [6; 1; 7; 2]; [2; 7; 3; 8]; [10; 3; 11; 4]; [4; 11; 5; 12]; [8; 16; 9; 15]; [16; 10; 17; 9]; [12; 14; 13; 17]; [14; 0; 15; 13]],11.2949691358,9,31
9^2_30,[[9; 1; 10; 0]; [1; 9; 2; 8]; [15; 2; 16; 3]; [3; 14; 4; 15]; [7; 5; 8; 4]; [5; 11; 6; 10]; [11; 7; 12; 6]; [17; 12; 14; 13]; [13; 16; 0; 17]],12.2765627777,9,31
9^2_31,[[15; 0; 16; 1]; [1; 9; 2; 8]; [17; 3; 14; 2]; [3; 10; 4; 11]; [11; 4; 12; 5]; [5; 12; 6; 13]; [13; 6; 0; 7]; [7; 15; 8; 14]; [9; 16; 10; 17]],10.215605665,9,31
9^2_32,[[0; 16; 1; 15]; [8; 2; 9; 1]; [2; 17; 3; 14]; [10; 3; 11; 4]; [4; 13; 5; 0]; [12; 5; 13; 6]; [6; 11; 7; 12]; [16; 7; 17; 8]; [14; 10; 15; 9]],12.4572079806,9,31
9^2_33,[[0; 16; 1; 15]; [10; 1; 11; 2]; [2; 17; 3; 14]; [8; 4; 9; 3]; [4; 8; 5; 7]; [12; 6; 13; 5]; [6; 0; 7; 13]; [14; 9; 15; 10]; [16; 12; 17; 11]],12.6312232255,9,31
9^2_34,[[5; 1; 6; 0]; [1; 7; 2; 6]; [13; 3; 14; 2]; [3; 10; 4; 11]; [15; 4; 16; 5]; [7; 16; 8; 17]; [17; 8; 12; 9]; [9; 12; 10; 13]; [11; 15; 0; 14]],11.9428724495,9,31
9^2_35,[[0; 14; 1; 13]; [6; 1; 7; 2]; [2; 7; 3; 8]; [16; 4; 17; 3]; [4; 10; 5; 9]; [12; 5; 13; 6]; [8; 17; 9; 12]; [10; 16; 11; 15]; [14; 0; 15; 11]],11.3735224329,9,31
9^2_36,[[15; 0; 16; 1]; [1; 8; 2; 9]; [9; 2; 10; 3]; [3; 14; 4; 15]; [13; 5; 0; 4]; [5; 13; 6; 12]; [11; 7; 12; 6]; [7; 17; 8; 16]; [17; 11; 14; 10]],11.4716283560,9,31
9^2_37,[[0; 16; 1; 15]; [8; 2; 9; 1]; [2; 10; 3; 9]; [14; 4; 15; 3]; [4; 11; 5; 12]; [12; 5; 13; 6]; [6; 13; 7; 0]; [16; 7; 17; 8]; [10; 17; 11; 14]],11.471628356,9,31
9^2_38,[[15; 0; 16; 1]; [1; 10; 2; 11]; [9; 2; 10; 3]; [3; 16; 4; 17]; [7; 5; 8; 4]; [5; 13; 6; 12]; [13; 7; 0; 6]; [17; 8; 14; 9]; [11; 14; 12; 15]],13.040401370,9,31
9^2_39,[[0; 13; 1; 14]; [6; 2; 7; 1]; [2; 8; 3; 7]; [14; 3; 15; 4]; [4; 17; 5; 12]; [10; 6; 11; 5]; [8; 16; 9; 15]; [16; 10; 17; 9]; [12; 11; 13; 0]],12.5361702582,9,31
9^2_40,[[0; 14; 1; 13]; [6; 2; 7; 1]; [2; 10; 3; 9]; [16; 4; 17; 3]; [4; 16; 5; 15]; [10; 6; 11; 5]; [12; 8; 13; 7]; [8; 12; 9; 17]; [14; 0; 15; 11]],12.0460920401,9,31
9^2_41,[[0; 11; 1; 12]; [6; 2; 7; 1]; [2; 14; 3; 13]; [14; 4; 15; 3]; [4; 10; 5; 17]; [10; 6; 11; 5]; [12; 7; 13; 8]; [8; 15; 9; 16]; [16; 9; 17; 0]],12.9574294296,9,31
9^2_42,[[0; 7; 1; 8]; [16; 2; 17; 1]; [2; 10; 3; 9]; [12; 3; 13; 4]; [4; 13; 5; 14]; [10; 6; 11; 5]; [6; 16; 7; 15]; [8; 17; 9; 12]; [14; 11; 15; 0]],13.9484177283,9,31
9^2_43,[[0; 8; 1; 7]; [8; 2; 9; 1]; [2; 10; 3; 9]; [10; 4; 11; 3]; [4; 12; 5; 11]; [5; 17; 6; 16]; [15; 7; 16; 6]; [12; 14; 13; 17]; [14; 0; 15; 13]],0,9,31
9^2_44,[[0; 7; 1; 8]; [8; 1; 9; 2]; [2; 9; 3; 10]; [10; 3; 11; 4]; [15; 5; 16; 4]; [5; 15; 6; 14]; [6; 11; 7; 12]; [12; 17; 13; 14]; [16; 13; 17; 0]],6.1381387891,9,31
9^2_45,[[15; 0; 16; 1]; [10; 2; 11; 1]; [2; 10; 3; 9]; [8; 4; 9; 3]; [4; 12; 5; 11]; [12; 6; 13; 5]; [6; 17; 7; 14]; [16; 7; 17; 8]; [13; 14; 0; 15]],5.3334895669,9,31
9^2_46,[[15; 1; 16; 0]; [8; 1; 9; 2]; [2; 11; 3; 12]; [10; 3; 11; 4]; [4; 9; 5; 10]; [14; 5; 15; 6]; [6; 17; 7; 14]; [12; 7; 13; 8]; [13; 17; 0; 16]],6.1381387891,9,31
9^2_47,[[15; 0; 16; 1]; [1; 8; 2; 9]; [9; 2; 10; 3]; [14; 4; 15; 3]; [4; 14; 5; 17]; [5; 12; 6; 13]; [11; 6; 12; 7]; [7; 10; 8; 11]; [13; 16; 0; 17]],3.66386237671,9,31
9^2_48,[[0; 16; 1; 15]; [10; 2; 11; 1]; [2; 8; 3; 7]; [6; 4; 7; 3]; [4; 12; 5; 11]; [12; 6; 13; 5]; [17; 9; 14; 8]; [9; 17; 10; 16]; [14; 0; 15; 13]],7.70691180281,9,31
9^2_49,[[7; 1; 8; 0]; [1; 9; 2; 8]; [9; 3; 10; 2]; [3; 13; 4; 12]; [13; 5; 14; 4]; [5; 15; 6; 14]; [15; 7; 16; 6]; [10; 12; 11; 17]; [16; 0; 17; 11]],0,9,31
9^2_50,[[13; 1; 14; 0]; [1; 6; 2; 7]; [7; 2; 8; 3]; [14; 3; 15; 4]; [4; 15; 5; 16]; [5; 8; 6; 9]; [9; 17; 10; 16]; [17; 11; 12; 10]; [11; 13; 0; 12]],4.4153324775,9,31
9^2_51,[[13; 0; 14; 1]; [1; 14; 2; 15]; [15; 2; 16; 3]; [3; 9; 4; 8]; [9; 5; 10; 4]; [5; 11; 6; 10]; [6; 17; 7; 12]; [12; 7; 13; 8]; [11; 16; 0; 17]],5.9782405659,9,31
9^2_52,[[13; 0; 14; 1]; [1; 14; 2; 15]; [15; 2; 16; 3]; [3; 8; 4; 9]; [9; 4; 10; 5]; [12; 6; 13; 5]; [6; 12; 7; 17]; [7; 10; 8; 11]; [11; 16; 0; 17]],8.2090212208,9,31
9^2_53,[[0; 11; 1; 12]; [10; 1; 11; 2]; [2; 17; 3; 10]; [3; 7; 4; 6]; [13; 4; 14; 5]; [5; 12; 6; 13]; [16; 7; 17; 8]; [8; 15; 9; 16]; [14; 9; 15; 0]],4.112058765 E-14,9,31
9^2_54,[[0; 11; 1; 12]; [10; 1; 11; 2]; [2; 17; 3; 10]; [6; 3; 7; 4]; [4; 14; 5; 13]; [12; 6; 13; 5]; [7; 17; 8; 16]; [15; 9; 16; 8]; [9; 15; 0; 14]],7.51768989647,9,31
9^2_55,[[0; 5; 1; 6]; [6; 1; 7; 2]; [2; 7; 3; 8]; [10; 3; 11; 4]; [4; 11; 5; 12]; [15; 8; 16; 9]; [9; 16; 10; 17]; [12; 14; 13; 17]; [14; 0; 15; 13]],8.9973519436,9,31
9^2_56,[[9; 1; 10; 0]; [1; 9; 2; 8]; [2; 16; 3; 15]; [14; 4; 15; 3]; [7; 5; 8; 4]; [5; 11; 6; 10]; [11; 7; 12; 6]; [17; 12; 14; 13]; [13; 16; 0; 17]],8.9973519436,9,31
9^2_57,[[0; 5; 1; 6]; [6; 1; 7; 2]; [2; 7; 3; 8]; [3; 11; 4; 10]; [11; 5; 12; 4]; [8; 16; 9; 15]; [16; 10; 17; 9]; [12; 14; 13; 17]; [14; 0; 15; 13]],8.3555021464,9,31
9^2_58,[[0; 9; 1; 10]; [8; 1; 9; 2]; [15; 2; 16; 3]; [3; 14; 4; 15]; [7; 5; 8; 4]; [5; 11; 6; 10]; [11; 7; 12; 6]; [17; 12; 14; 13]; [13; 16; 0; 17]],9.9665118837,9,31
9^2_59,[[0; 5; 1; 6]; [6; 1; 7; 2]; [2; 7; 3; 8]; [10; 3; 11; 4]; [4; 11; 5; 12]; [15; 8; 16; 9]; [9; 16; 10; 17]; [17; 12; 14; 13]; [13; 14; 0; 15]],5.33348956690,9,31
9^2_60,[[9; 1; 10; 0]; [1; 9; 2; 8]; [2; 16; 3; 15]; [14; 4; 15; 3]; [7; 5; 8; 4]; [5; 11; 6; 10]; [11; 7; 12; 6]; [12; 14; 13; 17]; [16; 0; 17; 13]],5.33348956690,9,31
9^2_61,[[0; 11; 1; 12]; [6; 2; 7; 1]; [13; 2; 14; 3]; [3; 14; 4; 15]; [17; 4; 10; 5]; [5; 10; 6; 11]; [12; 7; 13; 8]; [8; 15; 9; 16]; [16; 9; 17; 0]],2.2935403428 E-14,9,31
10^2_1,[[0; 16; 1; 15]; [4; 2; 5; 1]; [2; 8; 3; 7]; [8; 4; 9; 3]; [5; 12; 6; 13]; [11; 6; 12; 7]; [18; 9; 19; 10]; [10; 17; 11; 18]; [14; 0; 15; 13]; [16; 14; 17; 19]],10.6845445823,10,31
10^2_2,[[0; 8; 1; 7]; [8; 2; 9; 1]; [15; 2; 16; 3]; [3; 14; 4; 15]; [9; 4; 10; 5]; [5; 10; 6; 11]; [11; 6; 12; 7]; [17; 13; 18; 12]; [13; 19; 0; 18]; [19; 17; 14; 16]],8.1407192213,10,31
10^2_3,[[0; 16; 1; 15]; [1; 4; 2; 5]; [7; 2; 8; 3]; [3; 8; 4; 9]; [5; 12; 6; 13]; [11; 6; 12; 7]; [18; 9; 19; 10]; [10; 17; 11; 18]; [14; 0; 15; 13]; [16; 14; 17; 19]],10.6845445823,10,31
10^2_4,[[0; 8; 1; 7]; [8; 2; 9; 1]; [15; 2; 16; 3]; [3; 14; 4; 15]; [4; 10; 5; 9]; [10; 6; 11; 5]; [6; 12; 7; 11]; [17; 13; 18; 12]; [13; 19; 0; 18]; [19; 17; 14; 16]],8.1407192213,10,31
10^2_5,[[0; 16; 1; 15]; [4; 2; 5; 1]; [2; 8; 3; 7]; [8; 4; 9; 3]; [12; 6; 13; 5]; [6; 12; 7; 11]; [18; 9; 19; 10]; [10; 17; 11; 18]; [14; 0; 15; 13]; [16; 14; 17; 19]],14.0994551983,10,31
10^2_6,[[7; 0; 8; 1]; [1; 8; 2; 9]; [13; 2; 14; 3]; [3; 16; 4; 17]; [17; 4; 18; 5]; [5; 11; 6; 10]; [11; 7; 12; 6]; [9; 13; 10; 12]; [19; 15; 16; 14]; [15; 19; 0; 18]],14.0994551983,10,31
10^2_7,[[0; 6; 1; 5]; [6; 2; 7; 1]; [2; 11; 3; 12]; [12; 3; 13; 4]; [4; 8; 5; 7]; [8; 18; 9; 17]; [18; 10; 19; 9]; [10; 13; 11; 14]; [14; 16; 15; 19]; [16; 0; 17; 15]],13.640388911,10,31
10^2_8,[[0; 6; 1; 5]; [6; 2; 7; 1]; [2; 11; 3; 12]; [12; 3; 13; 4]; [4; 8; 5; 7]; [17; 8; 18; 9]; [9; 18; 10; 19]; [10; 13; 11; 14]; [14; 16; 15; 19]; [16; 0; 17; 15]],8.9973519436,10,31
10^2_9,[[0; 6; 1; 5]; [6; 2; 7; 1]; [2; 11; 3; 12]; [12; 3; 13; 4]; [4; 8; 5; 7]; [17; 8; 18; 9]; [9; 18; 10; 19]; [10; 13; 11; 14]; [19; 14; 16; 15]; [15; 16; 0; 17]],9.9665118837,10,31
10^2_10,[[0; 9; 1; 10]; [8; 1; 9; 2]; [2; 7; 3; 8]; [3; 12; 4; 13]; [11; 4; 12; 5]; [5; 18; 6; 19]; [17; 6; 18; 7]; [13; 11; 14; 10]; [19; 15; 16; 14]; [15; 17; 0; 16]],12.4047783017,10,31
10^2_11,[[17; 1; 18; 0]; [1; 6; 2; 7]; [9; 3; 10; 2]; [3; 9; 4; 8]; [13; 4; 14; 5]; [5; 14; 6; 15]; [7; 10; 8; 11]; [11; 19; 12; 18]; [19; 13; 16; 12]; [15; 17; 0; 16]],14.3903319654,10,31
10^2_12,[[0; 17; 1; 18]; [1; 6; 2; 7]; [9; 3; 10; 2]; [3; 9; 4; 8]; [13; 4; 14; 5]; [5; 14; 6; 15]; [7; 10; 8; 11]; [11; 19; 12; 18]; [19; 13; 16; 12]; [16; 15; 17; 0]],11.370774180,10,31
10^2_13,[[0; 17; 1; 18]; [1; 6; 2; 7]; [9; 3; 10; 2]; [3; 9; 4; 8]; [13; 4; 14; 5]; [5; 14; 6; 15]; [7; 10; 8; 11]; [18; 11; 19; 12]; [12; 19; 13; 16]; [16; 15; 17; 0]],7.7069118028,10,31
10^2_14,[[17; 1; 18; 0]; [1; 6; 2; 7]; [9; 3; 10; 2]; [3; 9; 4; 8]; [4; 14; 5; 13]; [14; 6; 15; 5]; [7; 10; 8; 11]; [11; 19; 12; 18]; [19; 13; 16; 12]; [15; 17; 0; 16]],12.005951173,10,31
10^2_15,[[5; 1; 6; 0]; [1; 5; 2; 4]; [13; 2; 14; 3]; [3; 12; 4; 13]; [17; 6; 18; 7]; [7; 16; 8; 17]; [15; 9; 0; 8]; [9; 15; 10; 14]; [19; 10; 16; 11]; [11; 18; 12; 19]],13.9558669862,10,31
10^2_16,[[5; 1; 6; 0]; [1; 5; 2; 4]; [13; 2; 14; 3]; [3; 12; 4; 13]; [6; 18; 7; 17]; [16; 8; 17; 7]; [15; 9; 0; 8]; [9; 15; 10; 14]; [19; 10; 16; 11]; [11; 18; 12; 19]],11.3707741795,10,31
10^2_17,[[5; 1; 6; 0]; [1; 5; 2; 4]; [13; 2; 14; 3]; [3; 12; 4; 13]; [6; 18; 7; 17]; [16; 8; 17; 7]; [15; 9; 0; 8]; [9; 15; 10; 14]; [10; 16; 11; 19]; [18; 12; 19; 11]],7.70691180281,10,31
10^2_18,[[5; 1; 6; 0]; [1; 5; 2; 4]; [13; 2; 14; 3]; [3; 12; 4; 13]; [17; 6; 18; 7]; [7; 16; 8; 17]; [8; 15; 9; 0]; [14; 9; 15; 10]; [19; 10; 16; 11]; [11; 18; 12; 19]],11.284602977,10,31
10^2_19,[[7; 0; 8; 1]; [1; 8; 2; 9]; [15; 2; 16; 3]; [3; 14; 4; 15]; [9; 4; 10; 5]; [5; 10; 6; 11]; [11; 6; 12; 7]; [17; 13; 18; 12]; [13; 19; 0; 18]; [19; 17; 14; 16]],12.7626184335,10,31
10^2_20,[[0; 5; 1; 6]; [6; 1; 7; 2]; [2; 7; 3; 8]; [12; 4; 13; 3]; [4; 12; 5; 11]; [8; 13; 9; 14]; [18; 10; 19; 9]; [10; 18; 11; 17]; [14; 19; 15; 16]; [16; 15; 17; 0]],12.7626184335,10,31
10^2_21,[[0; 5; 1; 6]; [6; 1; 7; 2]; [2; 7; 3; 8]; [12; 4; 13; 3]; [4; 12; 5; 11]; [8; 18; 9; 17]; [18; 10; 19; 9]; [10; 13; 11; 14]; [14; 16; 15; 19]; [16; 0; 17; 15]],13.0279866909,10,31
10^2_22,[[0; 5; 1; 6]; [6; 1; 7; 2]; [2; 7; 3; 8]; [12; 4; 13; 3]; [4; 12; 5; 11]; [17; 8; 18; 9]; [9; 18; 10; 19]; [10; 13; 11; 14]; [14; 16; 15; 19]; [16; 0; 17; 15]],8.9973519436,10,31
10^2_23,[[0; 5; 1; 6]; [6; 1; 7; 2]; [2; 7; 3; 8]; [12; 4; 13; 3]; [4; 12; 5; 11]; [17; 8; 18; 9]; [9; 18; 10; 19]; [10; 13; 11; 14]; [19; 14; 16; 15]; [15; 16; 0; 17]],8.3555021464,10,31
10^2_24,[[9; 0; 10; 1]; [1; 8; 2; 9]; [13; 3; 14; 2]; [3; 13; 4; 12]; [11; 5; 12; 4]; [5; 17; 6; 16]; [17; 7; 18; 6]; [7; 11; 8; 10]; [19; 14; 16; 15]; [15; 18; 0; 19]],13.4917122639,10,31
10^2_25,[[9; 0; 10; 1]; [1; 8; 2; 9]; [13; 3; 14; 2]; [3; 13; 4; 12]; [11; 5; 12; 4]; [16; 5; 17; 6]; [6; 17; 7; 18]; [7; 11; 8; 10]; [19; 14; 16; 15]; [15; 18; 0; 19]],10.6669791338,10,31
10^2_26,[[9; 1; 10; 0]; [1; 9; 2; 8]; [7; 3; 8; 2]; [3; 12; 4; 13]; [11; 4; 12; 5]; [18; 6; 19; 5]; [6; 18; 7; 17]; [13; 11; 14; 10]; [14; 19; 15; 16]; [16; 15; 17; 0]],7.32772475342,10,31
10^2_27,[[9; 1; 10; 0]; [1; 9; 2; 8]; [7; 3; 8; 2]; [12; 4; 13; 3]; [4; 12; 5; 11]; [5; 18; 6; 19]; [17; 6; 18; 7]; [10; 13; 11; 14]; [19; 15; 16; 14]; [15; 17; 0; 16]],9.5397804594,10,31
10^2_28,[[0; 11; 1; 12]; [6; 2; 7; 1]; [2; 14; 3; 13]; [14; 4; 15; 3]; [4; 17; 5; 18]; [16; 5; 17; 6]; [12; 7; 13; 8]; [8; 15; 9; 0]; [18; 10; 19; 9]; [10; 16; 11; 19]],15.7053756615,10,31
10^2_29,[[5; 1; 6; 0]; [1; 12; 2; 13]; [7; 2; 8; 3]; [3; 8; 4; 9]; [11; 4; 12; 5]; [13; 7; 14; 6]; [9; 18; 10; 19]; [17; 10; 18; 11]; [19; 15; 16; 14]; [15; 17; 0; 16]],15.705375662,10,31
10^2_30,[[0; 11; 1; 12]; [6; 2; 7; 1]; [2; 14; 3; 13]; [14; 4; 15; 3]; [17; 5; 18; 4]; [5; 17; 6; 16]; [12; 7; 13; 8]; [8; 15; 9; 0]; [18; 10; 19; 9]; [10; 16; 11; 19]],12.6423248920,10,31
10^2_31,[[5; 1; 6; 0]; [1; 12; 2; 13]; [7; 2; 8; 3]; [3; 8; 4; 9]; [11; 4; 12; 5]; [13; 7; 14; 6]; [18; 10; 19; 9]; [10; 18; 11; 17]; [19; 15; 16; 14]; [15; 17; 0; 16]],13.3184581098,10,31
10^2_32,[[0; 3; 1; 4]; [12; 1; 13; 2]; [2; 13; 3; 14]; [4; 17; 5; 18]; [10; 5; 11; 6]; [6; 16; 7; 19]; [14; 8; 15; 7]; [8; 0; 9; 15]; [18; 10; 19; 9]; [16; 11; 17; 12]],15.9404251545,10,31
10^2_33,[[11; 1; 12; 0]; [1; 13; 2; 12]; [13; 3; 14; 2]; [3; 16; 4; 17]; [9; 4; 10; 5]; [5; 19; 6; 18]; [15; 6; 0; 7]; [7; 14; 8; 15]; [17; 9; 18; 8]; [19; 10; 16; 11]],14.9588315125,10,31
10^2_34,[[0; 11; 1; 12]; [6; 2; 7; 1]; [2; 14; 3; 13]; [14; 4; 15; 3]; [17; 5; 18; 4]; [5; 17; 6; 16]; [12; 7; 13; 8]; [8; 15; 9; 0]; [9; 18; 10; 19]; [19; 10; 16; 11]],8.9973519436,10,31
10^2_35,[[5; 1; 6; 0]; [1; 12; 2; 13]; [7; 2; 8; 3]; [3; 8; 4; 9]; [11; 4; 12; 5]; [13; 7; 14; 6]; [18; 10; 19; 9]; [10; 18; 11; 17]; [14; 19; 15; 16]; [16; 15; 17; 0]],8.9973519436,10,31
10^2_36,[[0; 12; 1; 11]; [12; 2; 13; 1]; [2; 18; 3; 17]; [16; 4; 17; 3]; [4; 14; 5; 13]; [10; 6; 11; 5]; [6; 10; 7; 19]; [14; 8; 15; 7]; [8; 16; 9; 15]; [18; 0; 19; 9]],15.110029536,10,31
10^2_37,[[0; 11; 1; 12]; [12; 1; 13; 2]; [2; 7; 3; 8]; [18; 3; 19; 4]; [4; 19; 5; 10]; [14; 6; 15; 5]; [6; 14; 7; 13]; [8; 18; 9; 17]; [16; 0; 17; 9]; [10; 15; 11; 16]],13.8439904902,10,31
10^2_38,[[15; 1; 16; 0]; [1; 15; 2; 14]; [9; 3; 10; 2]; [3; 9; 4; 8]; [13; 4; 0; 5]; [5; 16; 6; 17]; [19; 6; 14; 7]; [7; 10; 8; 11]; [11; 18; 12; 19]; [17; 12; 18; 13]],14.962630290,10,31
10^2_39,[[15; 0; 16; 1]; [1; 11; 2; 10]; [9; 3; 10; 2]; [3; 14; 4; 15]; [13; 5; 0; 4]; [5; 13; 6; 12]; [19; 6; 14; 7]; [7; 18; 8; 19]; [17; 8; 18; 9]; [11; 16; 12; 17]],14.0233963620,10,31
10^2_40,[[15; 1; 16; 0]; [1; 11; 2; 10]; [9; 3; 10; 2]; [3; 17; 4; 16]; [13; 5; 0; 4]; [5; 13; 6; 12]; [19; 7; 14; 6]; [7; 19; 8; 18]; [17; 9; 18; 8]; [11; 15; 12; 14]],13.0129254425,10,31
10^2_41,[[15; 0; 16; 1]; [1; 11; 2; 10]; [11; 3; 12; 2]; [3; 16; 4; 17]; [17; 4; 18; 5]; [5; 13; 6; 12]; [9; 7; 10; 6]; [7; 14; 8; 15]; [19; 8; 14; 9]; [13; 18; 0; 19]],15.2232446597,10,31
10^2_42,[[15; 0; 16; 1]; [1; 10; 2; 11]; [11; 2; 12; 3]; [3; 7; 4; 6]; [19; 5; 14; 4]; [5; 15; 6; 14]; [7; 12; 8; 13]; [17; 9; 18; 8]; [9; 17; 10; 16]; [13; 18; 0; 19]],14.7076154087,10,31
10^2_43,[[0; 13; 1; 14]; [8; 1; 9; 2]; [2; 9; 3; 10]; [12; 3; 13; 4]; [4; 18; 5; 17]; [18; 6; 19; 5]; [6; 0; 7; 11]; [14; 8; 15; 7]; [10; 16; 11; 15]; [16; 12; 17; 19]],15.3012840156,10,31
10^2_44,[[13; 0; 14; 1]; [1; 7; 2; 6]; [7; 3; 8; 2]; [3; 18; 4; 19]; [9; 4; 10; 5]; [5; 13; 6; 12]; [19; 9; 12; 8]; [15; 11; 16; 10]; [11; 17; 0; 16]; [17; 15; 18; 14]],15.0395589349,10,31
10^2_45,[[11; 0; 12; 1]; [1; 5; 2; 4]; [9; 3; 10; 2]; [3; 11; 4; 10]; [5; 12; 6; 13]; [17; 7; 18; 6]; [7; 15; 8; 14]; [19; 8; 16; 9]; [13; 18; 14; 19]; [15; 17; 0; 16]],15.4260966638,10,31
10^2_46,[[0; 17; 1; 18]; [8; 1; 9; 2]; [2; 9; 3; 10]; [16; 3; 17; 4]; [4; 13; 5; 14]; [14; 5; 15; 6]; [6; 12; 7; 11]; [18; 8; 19; 7]; [10; 16; 11; 19]; [12; 15; 13; 0]],14.9929881119,10,31
10^2_47,[[0; 10; 1; 9]; [8; 2; 9; 1]; [2; 11; 3; 12]; [18; 4; 19; 3]; [4; 14; 5; 13]; [14; 6; 15; 5]; [6; 18; 7; 17]; [10; 7; 11; 8]; [12; 19; 13; 16]; [16; 15; 17; 0]],14.9929881119,10,31
10^2_48,[[17; 0; 18; 1]; [1; 11; 2; 10]; [19; 3; 16; 2]; [3; 12; 4; 13]; [13; 4; 14; 5]; [5; 8; 6; 9]; [15; 7; 0; 6]; [7; 15; 8; 14]; [9; 17; 10; 16]; [11; 18; 12; 19]],14.404120044,10,31
10^2_49,[[0; 3; 1; 4]; [10; 1; 11; 2]; [2; 11; 3; 12]; [4; 17; 5; 18]; [8; 5; 9; 6]; [6; 13; 7; 14]; [14; 7; 15; 8]; [16; 9; 17; 10]; [12; 19; 13; 16]; [18; 15; 19; 0]],15.4138236056,10,31
10^2_50,[[0; 11; 1; 12]; [10; 1; 11; 2]; [2; 17; 3; 18]; [8; 4; 9; 3]; [4; 8; 5; 7]; [14; 5; 15; 6]; [6; 13; 7; 14]; [18; 9; 19; 10]; [12; 19; 13; 16]; [16; 15; 17; 0]],14.3008504157,10,31
10^2_51,[[11; 0; 12; 1]; [1; 16; 2; 17]; [9; 3; 10; 2]; [3; 9; 4; 8]; [7; 5; 8; 4]; [5; 14; 6; 15]; [13; 6; 14; 7]; [17; 10; 18; 11]; [19; 13; 16; 12]; [15; 19; 0; 18]],13.3292087961,10,31
10^2_52,[[15; 0; 16; 1]; [1; 14; 2; 15]; [19; 2; 14; 3]; [3; 11; 4; 10]; [9; 5; 10; 4]; [5; 18; 6; 19]; [13; 7; 0; 6]; [7; 17; 8; 16]; [11; 8; 12; 9]; [17; 13; 18; 12]],13.960621940,10,31
10^2_53,[[15; 0; 16; 1]; [1; 14; 2; 15]; [19; 2; 14; 3]; [3; 7; 4; 6]; [11; 4; 12; 5]; [5; 10; 6; 11]; [7; 16; 8; 17]; [13; 8; 0; 9]; [9; 19; 10; 18]; [17; 13; 18; 12]],14.2149772790,10,31
10^2_54,[[0; 9; 1; 10]; [10; 1; 11; 2]; [2; 11; 3; 12]; [8; 3; 9; 4]; [4; 17; 5; 18]; [14; 5; 15; 6]; [6; 16; 7; 19]; [12; 8; 13; 7]; [18; 14; 19; 13]; [16; 15; 17; 0]],14.2266686888,10,31
10^2_55,[[9; 1; 10; 0]; [1; 11; 2; 10]; [11; 3; 12; 2]; [3; 9; 4; 8]; [17; 5; 18; 4]; [5; 15; 6; 14]; [13; 7; 14; 6]; [7; 19; 8; 18]; [19; 13; 16; 12]; [15; 17; 0; 16]],14.126835171,10,31
10^2_56,[[0; 10; 1; 9]; [10; 2; 11; 1]; [2; 12; 3; 11]; [16; 4; 17; 3]; [4; 7; 5; 8]; [14; 6; 15; 5]; [6; 14; 7; 13]; [8; 18; 9; 17]; [12; 19; 13; 16]; [18; 15; 19; 0]],13.8450505919,10,31
10^2_57,[[17; 1; 18; 0]; [1; 5; 2; 4]; [11; 2; 12; 3]; [3; 10; 4; 11]; [5; 17; 6; 16]; [15; 6; 0; 7]; [7; 14; 8; 15]; [13; 8; 14; 9]; [9; 18; 10; 19]; [19; 12; 16; 13]],13.8450505919,10,31
10^2_58,[[0; 11; 1; 12]; [10; 1; 11; 2]; [2; 9; 3; 10]; [8; 3; 9; 4]; [4; 18; 5; 17]; [14; 5; 15; 6]; [6; 19; 7; 16]; [12; 8; 13; 7]; [16; 13; 17; 14]; [18; 0; 19; 15]],12.9762036933,10,31
10^2_59,[[0; 12; 1; 11]; [10; 2; 11; 1]; [2; 10; 3; 9]; [8; 4; 9; 3]; [4; 18; 5; 17]; [14; 6; 15; 5]; [6; 14; 7; 13]; [18; 8; 19; 7]; [12; 16; 13; 19]; [16; 0; 17; 15]],11.885232855,10,31
10^2_60,[[0; 15; 1; 16]; [12; 2; 13; 1]; [2; 9; 3; 10]; [10; 3; 11; 4]; [4; 8; 5; 7]; [18; 6; 19; 5]; [6; 14; 7; 19]; [8; 11; 9; 12]; [16; 13; 17; 0]; [14; 18; 15; 17]],11.3637526383,10,31
10^2_61,[[0; 5; 1; 6]; [8; 1; 9; 2]; [2; 12; 3; 11]; [12; 4; 13; 3]; [4; 9; 5; 0]; [6; 16; 7; 15]; [16; 8; 17; 7]; [10; 17; 11; 18]; [18; 13; 19; 14]; [14; 19; 15; 10]],14.3237600176,10,31
10^2_62,[[0; 5; 1; 6]; [8; 1; 9; 2]; [2; 12; 3; 11]; [12; 4; 13; 3]; [4; 9; 5; 0]; [15; 6; 16; 7]; [7; 16; 8; 17]; [10; 17; 11; 18]; [18; 13; 19; 14]; [14; 19; 15; 10]],12.4047783017,10,31
10^2_63,[[0; 18; 1; 17]; [18; 2; 19; 1]; [2; 5; 3; 6]; [14; 3; 15; 4]; [4; 15; 5; 0]; [6; 9; 7; 10]; [12; 7; 13; 8]; [8; 13; 9; 14]; [10; 16; 11; 19]; [16; 12; 17; 11]],14.3237600176,10,31
10^2_64,[[0; 18; 1; 17]; [18; 2; 19; 1]; [2; 5; 3; 6]; [14; 3; 15; 4]; [4; 15; 5; 0]; [6; 9; 7; 10]; [12; 7; 13; 8]; [8; 13; 9; 14]; [19; 10; 16; 11]; [11; 16; 12; 17]],12.4047783017,10,31
10^2_65,[[9; 0; 10; 1]; [1; 8; 2; 9]; [11; 3; 12; 2]; [3; 7; 4; 6]; [17; 4; 18; 5]; [5; 16; 6; 17]; [7; 11; 8; 10]; [15; 13; 0; 12]; [13; 19; 14; 18]; [19; 15; 16; 14]],12.9396646171,10,31
10^2_66,[[0; 13; 1; 14]; [14; 1; 15; 2]; [2; 15; 3; 16]; [3; 6; 4; 7]; [19; 4; 12; 5]; [5; 12; 6; 13]; [7; 17; 8; 16]; [11; 9; 0; 8]; [9; 18; 10; 19]; [17; 10; 18; 11]],11.4595872538,10,31
10^2_67,[[0; 11; 1; 12]; [10; 1; 11; 2]; [2; 19; 3; 10]; [6; 3; 7; 4]; [4; 14; 5; 13]; [12; 6; 13; 5]; [18; 7; 19; 8]; [8; 16; 9; 15]; [16; 0; 17; 9]; [14; 18; 15; 17]],13.0227856695,10,31
10^2_68,[[0; 11; 1; 12]; [10; 1; 11; 2]; [2; 19; 3; 10]; [3; 7; 4; 6]; [13; 4; 14; 5]; [5; 12; 6; 13]; [18; 7; 19; 8]; [8; 16; 9; 15]; [16; 0; 17; 9]; [14; 18; 15; 17]],6.7551948165,10,31
10^2_69,[[0; 3; 1; 4]; [6; 1; 7; 2]; [2; 7; 3; 8]; [4; 15; 5; 16]; [14; 5; 15; 6]; [8; 17; 9; 18]; [12; 9; 13; 10]; [10; 14; 11; 19]; [18; 12; 19; 11]; [16; 13; 17; 0]],14.0262573061,10,31
10^2_70,[[0; 3; 1; 4]; [6; 1; 7; 2]; [2; 7; 3; 8]; [15; 5; 16; 4]; [5; 15; 6; 14]; [8; 17; 9; 18]; [12; 9; 13; 10]; [10; 14; 11; 19]; [18; 12; 19; 11]; [16; 13; 17; 0]],10.8612287679,10,31
10^2_71,[[0; 10; 1; 9]; [10; 2; 11; 1]; [2; 12; 3; 11]; [18; 3; 19; 4]; [4; 7; 5; 8]; [16; 6; 17; 5]; [6; 16; 7; 15]; [8; 17; 9; 18]; [12; 14; 13; 19]; [14; 0; 15; 13]],12.753667335,10,31
10^2_72,[[0; 10; 1; 9]; [10; 2; 11; 1]; [2; 12; 3; 11]; [18; 3; 19; 4]; [4; 7; 5; 8]; [16; 6; 17; 5]; [6; 16; 7; 15]; [8; 17; 9; 18]; [19; 12; 14; 13]; [13; 14; 0; 15]],8.3558843539,10,31
10^2_73,[[0; 18; 1; 17]; [18; 2; 19; 1]; [2; 9; 3; 10]; [12; 3; 13; 4]; [4; 8; 5; 7]; [14; 6; 15; 5]; [6; 0; 7; 15]; [8; 13; 9; 14]; [10; 16; 11; 19]; [16; 12; 17; 11]],13.7755304763,10,31
10^2_74,[[0; 18; 1; 17]; [18; 2; 19; 1]; [2; 9; 3; 10]; [12; 3; 13; 4]; [4; 8; 5; 7]; [14; 6; 15; 5]; [6; 0; 7; 15]; [8; 13; 9; 14]; [19; 10; 16; 11]; [11; 16; 12; 17]],9.6594985450,10,31
10^2_75,[[17; 0; 18; 1]; [1; 16; 2; 17]; [9; 3; 10; 2]; [3; 11; 4; 10]; [15; 5; 0; 4]; [5; 12; 6; 13]; [13; 6; 14; 7]; [7; 19; 8; 18]; [19; 9; 16; 8]; [11; 14; 12; 15]],12.9396646171,10,31
10^2_76,[[0; 18; 1; 17]; [16; 2; 17; 1]; [9; 3; 10; 2]; [3; 11; 4; 10]; [15; 5; 0; 4]; [5; 12; 6; 13]; [13; 6; 14; 7]; [7; 19; 8; 18]; [19; 9; 16; 8]; [11; 14; 12; 15]],7.70691180281,10,31
10^2_77,[[0; 14; 1; 13]; [14; 2; 15; 1]; [2; 17; 3; 18]; [16; 3; 17; 4]; [4; 9; 5; 10]; [10; 5; 11; 6]; [6; 12; 7; 19]; [12; 8; 13; 7]; [8; 11; 9; 0]; [18; 16; 19; 15]],13.1911974716,10,31
10^2_78,[[0; 14; 1; 13]; [14; 2; 15; 1]; [2; 17; 3; 18]; [16; 3; 17; 4]; [4; 9; 5; 10]; [10; 5; 11; 6]; [19; 6; 12; 7]; [7; 12; 8; 13]; [8; 11; 9; 0]; [18; 16; 19; 15]],9.1478845805,10,31
10^2_79,[[0; 6; 1; 5]; [6; 2; 7; 1]; [2; 8; 3; 7]; [16; 3; 17; 4]; [4; 15; 5; 16]; [8; 12; 9; 11]; [18; 9; 19; 10]; [10; 17; 11; 18]; [12; 14; 13; 19]; [14; 0; 15; 13]],11.6770072721,10,31
10^2_80,[[0; 6; 1; 5]; [6; 2; 7; 1]; [2; 8; 3; 7]; [3; 17; 4; 16]; [15; 5; 16; 4]; [8; 12; 9; 11]; [18; 9; 19; 10]; [10; 17; 11; 18]; [12; 14; 13; 19]; [14; 0; 15; 13]],5.8430228579,10,31
10^2_81,[[0; 7; 1; 8]; [10; 1; 11; 2]; [2; 11; 3; 12]; [6; 3; 7; 4]; [4; 14; 5; 13]; [12; 6; 13; 5]; [8; 18; 9; 17]; [18; 10; 19; 9]; [14; 16; 15; 19]; [16; 0; 17; 15]],13.206174566,10,31
10^2_82,[[0; 7; 1; 8]; [10; 1; 11; 2]; [2; 11; 3; 12]; [6; 3; 7; 4]; [4; 14; 5; 13]; [12; 6; 13; 5]; [17; 8; 18; 9]; [9; 18; 10; 19]; [14; 16; 15; 19]; [16; 0; 17; 15]],9.6594985450,10,31
10^2_83,[[3; 1; 4; 0]; [1; 10; 2; 11]; [9; 2; 10; 3]; [11; 5; 12; 4]; [5; 13; 6; 12]; [13; 7; 14; 6]; [7; 18; 8; 19]; [17; 8; 18; 9]; [19; 15; 16; 14]; [15; 17; 0; 16]],11.3637526383,10,31
10^2_84,[[3; 1; 4; 0]; [1; 10; 2; 11]; [9; 2; 10; 3]; [11; 5; 12; 4]; [5; 13; 6; 12]; [13; 7; 14; 6]; [7; 18; 8; 19]; [17; 8; 18; 9]; [14; 19; 15; 16]; [16; 15; 17; 0]],5.3334895669,10,31
10^2_85,[[0; 8; 1; 7]; [6; 2; 7; 1]; [2; 14; 3; 13]; [14; 4; 15; 3]; [4; 9; 5; 10]; [8; 5; 9; 6]; [10; 18; 11; 17]; [18; 0; 19; 11]; [12; 16; 13; 15]; [16; 12; 17; 19]],12.721765197,10,31
10^2_86,[[15; 0; 16; 1]; [1; 12; 2; 13]; [7; 2; 8; 3]; [3; 6; 4; 7]; [19; 5; 14; 4]; [5; 19; 6; 18]; [11; 8; 12; 9]; [9; 16; 10; 17]; [17; 10; 18; 11]; [13; 14; 0; 15]],13.6601513432,10,31
10^2_87,[[13; 0; 14; 1]; [1; 12; 2; 13]; [19; 2; 12; 3]; [3; 8; 4; 9]; [7; 4; 8; 5]; [5; 14; 6; 15]; [15; 6; 16; 7]; [18; 10; 19; 9]; [10; 18; 11; 17]; [16; 0; 17; 11]],8.1741381343,10,31
10^2_88,[[13; 0; 14; 1]; [1; 12; 2; 13]; [19; 2; 12; 3]; [3; 8; 4; 9]; [7; 4; 8; 5]; [5; 14; 6; 15]; [15; 6; 16; 7]; [9; 18; 10; 19]; [17; 10; 18; 11]; [11; 16; 0; 17]],10.8776635142,10,31
10^2_89,[[15; 1; 16; 0]; [1; 11; 2; 10]; [7; 3; 8; 2]; [3; 7; 4; 6]; [11; 5; 12; 4]; [5; 13; 6; 12]; [17; 9; 18; 8]; [9; 19; 10; 18]; [13; 15; 0; 14]; [19; 17; 14; 16]],13.2506395876,10,31
10^2_90,[[7; 0; 8; 1]; [1; 6; 2; 7]; [5; 2; 6; 3]; [3; 10; 4; 11]; [11; 4; 12; 5]; [15; 8; 16; 9]; [9; 14; 10; 15]; [17; 13; 18; 12]; [13; 19; 0; 18]; [19; 17; 14; 16]],12.292670172,10,31
10^2_91,[[0; 9; 1; 10]; [8; 1; 9; 2]; [2; 14; 3; 13]; [18; 3; 19; 4]; [4; 17; 5; 18]; [12; 6; 13; 5]; [6; 12; 7; 11]; [10; 8; 11; 7]; [14; 16; 15; 19]; [16; 0; 17; 15]],12.292670172,10,31
10^2_92,[[0; 9; 1; 10]; [8; 1; 9; 2]; [2; 14; 3; 13]; [3; 19; 4; 18]; [17; 5; 18; 4]; [12; 6; 13; 5]; [6; 12; 7; 11]; [10; 8; 11; 7]; [14; 16; 15; 19]; [16; 0; 17; 15]],8.9673608488,10,31
10^2_93,[[0; 9; 1; 10]; [8; 1; 9; 2]; [2; 7; 3; 8]; [6; 3; 7; 4]; [4; 14; 5; 13]; [12; 6; 13; 5]; [10; 18; 11; 17]; [18; 12; 19; 11]; [14; 16; 15; 19]; [16; 0; 17; 15]],10.070078535,10,31
10^2_94,[[0; 9; 1; 10]; [8; 1; 9; 2]; [2; 7; 3; 8]; [6; 3; 7; 4]; [4; 14; 5; 13]; [12; 6; 13; 5]; [10; 18; 11; 17]; [18; 12; 19; 11]; [19; 14; 16; 15]; [15; 16; 0; 17]],3.6638623767,10,31
10^2_95,[[0; 8; 1; 7]; [8; 2; 9; 1]; [2; 10; 3; 9]; [6; 4; 7; 3]; [4; 16; 5; 15]; [16; 6; 17; 5]; [10; 0; 11; 13]; [18; 12; 19; 11]; [12; 14; 13; 19]; [14; 18; 15; 17]],11.0796431108,10,31
10^2_96,[[11; 1; 12; 0]; [1; 13; 2; 12]; [5; 2; 6; 3]; [3; 8; 4; 9]; [9; 4; 0; 5]; [17; 6; 18; 7]; [7; 16; 8; 17]; [15; 11; 16; 10]; [13; 19; 14; 18]; [19; 15; 10; 14]],13.4917122639,10,31
10^2_97,[[11; 1; 12; 0]; [1; 13; 2; 12]; [5; 2; 6; 3]; [3; 8; 4; 9]; [9; 4; 0; 5]; [6; 18; 7; 17]; [16; 8; 17; 7]; [15; 11; 16; 10]; [13; 19; 14; 18]; [19; 15; 10; 14]],11.082166624,10,31
10^2_98,[[0; 11; 1; 12]; [12; 1; 13; 2]; [5; 2; 6; 3]; [3; 8; 4; 9]; [9; 4; 0; 5]; [6; 18; 7; 17]; [16; 8; 17; 7]; [15; 11; 16; 10]; [13; 19; 14; 18]; [19; 15; 10; 14]],7.3277247534,10,31
10^2_99,[[0; 12; 1; 11]; [12; 2; 13; 1]; [2; 8; 3; 7]; [8; 4; 9; 3]; [4; 0; 5; 9]; [16; 6; 17; 5]; [6; 18; 7; 17]; [10; 16; 11; 15]; [18; 14; 19; 13]; [14; 10; 15; 19]],12.4797088717,10,31
10^2_100,[[11; 0; 12; 1]; [1; 12; 2; 13]; [2; 8; 3; 7]; [8; 4; 9; 3]; [4; 0; 5; 9]; [16; 6; 17; 5]; [6; 18; 7; 17]; [10; 16; 11; 15]; [18; 14; 19; 13]; [14; 10; 15; 19]],9.5397804594,10,31
10^2_101,[[11; 0; 12; 1]; [1; 12; 2; 13]; [2; 8; 3; 7]; [8; 4; 9; 3]; [4; 0; 5; 9]; [5; 16; 6; 17]; [17; 6; 18; 7]; [10; 16; 11; 15]; [18; 14; 19; 13]; [14; 10; 15; 19]],8.9293178231,10,31
10^2_102,[[5; 1; 6; 0]; [1; 7; 2; 6]; [7; 3; 8; 2]; [3; 17; 4; 16]; [17; 5; 18; 4]; [11; 8; 12; 9]; [9; 14; 10; 15]; [15; 10; 0; 11]; [19; 12; 16; 13]; [13; 18; 14; 19]],13.4917122639,10,31
10^2_103,[[5; 1; 6; 0]; [1; 7; 2; 6]; [7; 3; 8; 2]; [3; 17; 4; 16]; [17; 5; 18; 4]; [11; 8; 12; 9]; [9; 14; 10; 15]; [15; 10; 0; 11]; [12; 16; 13; 19]; [18; 14; 19; 13]],11.082166624,10,31
10^2_104,[[5; 1; 6; 0]; [1; 7; 2; 6]; [7; 3; 8; 2]; [16; 3; 17; 4]; [4; 17; 5; 18]; [11; 8; 12; 9]; [9; 14; 10; 15]; [15; 10; 0; 11]; [12; 16; 13; 19]; [18; 14; 19; 13]],7.3277247534,10,31
10^2_105,[[0; 11; 1; 12]; [4; 1; 5; 2]; [2; 14; 3; 13]; [12; 4; 13; 3]; [16; 5; 17; 6]; [6; 15; 7; 16]; [14; 7; 15; 8]; [8; 10; 9; 19]; [18; 0; 19; 9]; [10; 17; 11; 18]],12.8084017534,10,31
10^2_106,[[17; 1; 18; 0]; [1; 13; 2; 12]; [13; 3; 14; 2]; [3; 15; 4; 14]; [9; 5; 10; 4]; [5; 11; 6; 10]; [11; 7; 12; 6]; [7; 19; 8; 18]; [19; 9; 16; 8]; [15; 17; 0; 16]],12.4797088717,10,31
10^2_107,[[17; 1; 18; 0]; [1; 13; 2; 12]; [13; 3; 14; 2]; [3; 15; 4; 14]; [9; 5; 10; 4]; [5; 11; 6; 10]; [11; 7; 12; 6]; [18; 7; 19; 8]; [8; 19; 9; 16]; [15; 17; 0; 16]],9.5397804594,10,31
10^2_108,[[0; 17; 1; 18]; [1; 13; 2; 12]; [13; 3; 14; 2]; [3; 15; 4; 14]; [9; 5; 10; 4]; [5; 11; 6; 10]; [11; 7; 12; 6]; [18; 7; 19; 8]; [8; 19; 9; 16]; [16; 15; 17; 0]],8.9293178231,10,31
10^2_109,[[11; 0; 12; 1]; [1; 14; 2; 15]; [13; 2; 14; 3]; [3; 12; 4; 13]; [17; 4; 18; 5]; [5; 16; 6; 17]; [15; 6; 16; 7]; [7; 10; 8; 11]; [19; 8; 10; 9]; [9; 18; 0; 19]],10.9915871301,10,31
10^2_110,[[0; 16; 1; 15]; [16; 2; 17; 1]; [2; 0; 3; 13]; [10; 3; 11; 4]; [4; 11; 5; 12]; [18; 5; 19; 6]; [6; 19; 7; 14]; [14; 7; 15; 8]; [8; 17; 9; 18]; [12; 9; 13; 10]],12.4506261395,10,31
10^2_111,[[0; 15; 1; 16]; [16; 1; 17; 2]; [2; 17; 3; 18]; [10; 3; 11; 4]; [4; 9; 5; 10]; [12; 6; 13; 5]; [6; 14; 7; 19]; [14; 8; 15; 7]; [8; 12; 9; 11]; [18; 13; 19; 0]],13.0172473879,10,31
10^2_112,[[0; 15; 1; 16]; [16; 1; 17; 2]; [2; 17; 3; 18]; [10; 3; 11; 4]; [4; 9; 5; 10]; [12; 6; 13; 5]; [19; 6; 14; 7]; [7; 14; 8; 15]; [8; 12; 9; 11]; [18; 13; 19; 0]],10.1026528593,10,31
10^2_113,[[0; 15; 1; 16]; [16; 1; 17; 2]; [2; 17; 3; 18]; [14; 3; 15; 4]; [4; 9; 5; 10]; [8; 5; 9; 6]; [6; 0; 7; 13]; [12; 8; 13; 7]; [10; 19; 11; 14]; [18; 11; 19; 12]],12.5130820838,10,31
10^2_114,[[0; 15; 1; 16]; [16; 1; 17; 2]; [2; 17; 3; 18]; [14; 3; 15; 4]; [4; 9; 5; 10]; [8; 5; 9; 6]; [6; 0; 7; 13]; [12; 8; 13; 7]; [19; 11; 14; 10]; [11; 19; 12; 18]],9.1040343922,10,31
10^2_115,[[0; 6; 1; 5]; [14; 1; 15; 2]; [2; 13; 3; 14]; [10; 4; 11; 3]; [4; 0; 5; 11]; [6; 19; 7; 12]; [16; 7; 17; 8]; [8; 17; 9; 18]; [18; 9; 19; 10]; [12; 16; 13; 15]],11.7805806458,10,31
10^2_116,[[9; 1; 10; 0]; [1; 9; 2; 8]; [7; 3; 8; 2]; [3; 13; 4; 12]; [15; 5; 16; 4]; [5; 15; 6; 14]; [13; 7; 0; 6]; [17; 10; 18; 11]; [11; 18; 12; 19]; [19; 16; 14; 17]],12.7224147419,10,31
10^2_117,[[9; 0; 10; 1]; [1; 10; 2; 11]; [11; 2; 12; 3]; [3; 8; 4; 9]; [13; 5; 14; 4]; [5; 18; 6; 19]; [17; 6; 18; 7]; [7; 13; 8; 12]; [19; 15; 16; 14]; [15; 17; 0; 16]],12.7224147419,10,31
10^2_118,[[9; 0; 10; 1]; [1; 10; 2; 11]; [11; 2; 12; 3]; [3; 8; 4; 9]; [13; 5; 14; 4]; [18; 6; 19; 5]; [6; 18; 7; 17]; [7; 13; 8; 12]; [19; 15; 16; 14]; [15; 17; 0; 16]],8.7933456039,10,31
10^2_119,[[0; 10; 1; 9]; [10; 2; 11; 1]; [2; 12; 3; 11]; [8; 4; 9; 3]; [4; 18; 5; 17]; [18; 6; 19; 5]; [6; 13; 7; 14]; [12; 7; 13; 8]; [14; 16; 15; 19]; [16; 0; 17; 15]],11.5718968132,10,31
10^2_120,[[0; 10; 1; 9]; [10; 2; 11; 1]; [2; 12; 3; 11]; [8; 4; 9; 3]; [17; 4; 18; 5]; [5; 18; 6; 19]; [6; 13; 7; 14]; [12; 7; 13; 8]; [14; 16; 15; 19]; [16; 0; 17; 15]],6.13813878909,10,31
10^2_121,[[9; 1; 10; 0]; [1; 9; 2; 8]; [7; 3; 8; 2]; [3; 11; 4; 10]; [11; 5; 12; 4]; [5; 16; 6; 17]; [15; 6; 16; 7]; [19; 12; 14; 13]; [13; 18; 0; 19]; [17; 15; 18; 14]],12.5517592197,10,31
10^2_122,[[0; 14; 1; 13]; [12; 2; 13; 1]; [2; 12; 3; 19]; [18; 4; 19; 3]; [4; 8; 5; 7]; [10; 6; 11; 5]; [6; 0; 7; 11]; [8; 15; 9; 16]; [16; 9; 17; 10]; [14; 17; 15; 18]],11.3923915765,10,31
10^2_123,[[9; 1; 10; 0]; [1; 15; 2; 14]; [15; 3; 16; 2]; [3; 17; 4; 16]; [17; 5; 18; 4]; [5; 9; 6; 8]; [13; 6; 0; 7]; [7; 12; 8; 13]; [19; 10; 14; 11]; [11; 18; 12; 19]],11.1112917402,10,31
10^2_124,[[9; 1; 10; 0]; [1; 15; 2; 14]; [15; 3; 16; 2]; [3; 17; 4; 16]; [17; 5; 18; 4]; [5; 9; 6; 8]; [13; 6; 0; 7]; [7; 12; 8; 13]; [10; 14; 11; 19]; [18; 12; 19; 11]],6.2903026840,10,31
10^2_125,[[15; 0; 16; 1]; [1; 14; 2; 15]; [19; 2; 14; 3]; [3; 18; 4; 19]; [9; 4; 10; 5]; [5; 8; 6; 9]; [13; 7; 0; 6]; [7; 13; 8; 12]; [17; 10; 18; 11]; [11; 16; 12; 17]],10.364869605,10,31
10^2_126,[[15; 0; 16; 1]; [1; 14; 2; 15]; [19; 2; 14; 3]; [3; 18; 4; 19]; [9; 4; 10; 5]; [5; 8; 6; 9]; [13; 7; 0; 6]; [7; 13; 8; 12]; [10; 18; 11; 17]; [16; 12; 17; 11]],4.41533247745,10,31
10^2_127,[[0; 14; 1; 13]; [14; 2; 15; 1]; [2; 10; 3; 9]; [10; 4; 11; 3]; [4; 0; 5; 11]; [16; 6; 17; 5]; [6; 18; 7; 17]; [18; 8; 19; 7]; [8; 12; 9; 19]; [12; 16; 13; 15]],10.4140578939,10,31
10^2_128,[[7; 0; 8; 1]; [1; 8; 2; 9]; [9; 2; 10; 3]; [3; 10; 4; 11]; [17; 4; 18; 5]; [5; 16; 6; 17]; [11; 6; 12; 7]; [15; 13; 0; 12]; [13; 19; 14; 18]; [19; 15; 16; 14]],11.0026087184,10,31
10^2_129,[[9; 1; 10; 0]; [1; 7; 2; 6]; [13; 2; 14; 3]; [3; 12; 4; 13]; [11; 4; 12; 5]; [5; 10; 6; 11]; [7; 18; 8; 19]; [17; 8; 18; 9]; [19; 15; 16; 14]; [15; 17; 0; 16]],11.0026087184,10,31
10^2_130,[[9; 1; 10; 0]; [1; 7; 2; 6]; [13; 2; 14; 3]; [3; 12; 4; 13]; [11; 4; 12; 5]; [5; 10; 6; 11]; [18; 8; 19; 7]; [8; 18; 9; 17]; [19; 15; 16; 14]; [15; 17; 0; 16]],6.5517432879,10,31
10^2_131,[[0; 7; 1; 8]; [6; 1; 7; 2]; [2; 14; 3; 13]; [12; 4; 13; 3]; [4; 12; 5; 11]; [10; 6; 11; 5]; [8; 18; 9; 17]; [18; 10; 19; 9]; [14; 16; 15; 19]; [16; 0; 17; 15]],10.8479250159,10,31
10^2_132,[[0; 7; 1; 8]; [6; 1; 7; 2]; [2; 14; 3; 13]; [12; 4; 13; 3]; [4; 12; 5; 11]; [10; 6; 11; 5]; [8; 18; 9; 17]; [18; 10; 19; 9]; [19; 14; 16; 15]; [15; 16; 0; 17]],6.1381387891,10,31
10^2_133,[[0; 8; 1; 7]; [8; 2; 9; 1]; [2; 10; 3; 9]; [10; 4; 11; 3]; [4; 12; 5; 11]; [18; 5; 19; 6]; [6; 17; 7; 18]; [12; 0; 13; 15]; [16; 13; 17; 14]; [14; 19; 15; 16]],9.5858594940,10,31
10^2_134,[[13; 1; 14; 0]; [1; 13; 2; 12]; [2; 10; 3; 9]; [18; 4; 19; 3]; [7; 5; 8; 4]; [5; 15; 6; 14]; [15; 7; 16; 6]; [8; 12; 9; 19]; [17; 11; 18; 10]; [11; 17; 0; 16]],11.646176102,10,31
10^2_135,[[0; 13; 1; 14]; [12; 1; 13; 2]; [2; 10; 3; 9]; [18; 4; 19; 3]; [7; 5; 8; 4]; [5; 15; 6; 14]; [15; 7; 16; 6]; [8; 12; 9; 19]; [10; 17; 11; 18]; [16; 11; 17; 0]],3.6638623767,10,31
10^2_136,[[0; 15; 1; 16]; [16; 1; 17; 2]; [2; 10; 3; 9]; [12; 4; 13; 3]; [7; 5; 8; 4]; [5; 14; 6; 15]; [19; 6; 14; 7]; [8; 0; 9; 13]; [10; 17; 11; 18]; [18; 11; 19; 12]],10.311883773,10,31
10^2_137,[[9; 1; 10; 0]; [1; 16; 2; 17]; [7; 2; 8; 3]; [3; 15; 4; 14]; [13; 4; 0; 5]; [5; 18; 6; 19]; [11; 7; 12; 6]; [15; 8; 16; 9]; [17; 11; 18; 10]; [19; 12; 14; 13]],17.8616981071,10,31
10^2_138,[[7; 1; 8; 0]; [1; 7; 2; 6]; [11; 2; 12; 3]; [3; 14; 4; 15]; [15; 4; 16; 5]; [5; 10; 6; 11]; [8; 17; 9; 18]; [16; 9; 17; 10]; [12; 19; 13; 14]; [18; 13; 19; 0]],8.1195328513,10,31
10^2_139,[[13; 0; 14; 1]; [1; 16; 2; 17]; [17; 2; 18; 3]; [3; 12; 4; 13]; [11; 5; 0; 4]; [5; 11; 6; 10]; [6; 12; 7; 19]; [18; 8; 19; 7]; [8; 16; 9; 15]; [14; 10; 15; 9]],3.6638623767,10,31
10^2_140,[[13; 0; 14; 1]; [1; 16; 2; 17]; [17; 2; 18; 3]; [3; 12; 4; 13]; [11; 5; 0; 4]; [5; 11; 6; 10]; [19; 6; 12; 7]; [7; 18; 8; 19]; [15; 8; 16; 9]; [9; 14; 10; 15]],15.1396083544,10,31
10^2_141,[[7; 1; 8; 0]; [1; 7; 2; 6]; [11; 2; 12; 3]; [3; 14; 4; 15]; [15; 4; 16; 5]; [5; 10; 6; 11]; [17; 9; 18; 8]; [9; 17; 10; 16]; [19; 13; 14; 12]; [13; 19; 0; 18]],13.6312571303,10,31
10^2_142,[[15; 1; 16; 0]; [1; 8; 2; 9]; [7; 2; 8; 3]; [3; 15; 4; 14]; [19; 5; 14; 4]; [5; 13; 6; 12]; [11; 7; 12; 6]; [9; 17; 10; 16]; [17; 11; 18; 10]; [13; 19; 0; 18]],14.602842690,10,31
10^2_143,[[0; 13; 1; 14]; [12; 1; 13; 2]; [2; 10; 3; 9]; [18; 4; 19; 3]; [4; 7; 5; 8]; [14; 5; 15; 6]; [6; 15; 7; 16]; [8; 12; 9; 19]; [10; 17; 11; 18]; [16; 11; 17; 0]],14.7951200849,10,31
10^2_144,[[0; 15; 1; 16]; [16; 1; 17; 2]; [2; 10; 3; 9]; [12; 4; 13; 3]; [4; 7; 5; 8]; [14; 6; 15; 5]; [6; 14; 7; 19]; [8; 0; 9; 13]; [10; 17; 11; 18]; [18; 11; 19; 12]],15.0279519090,10,31
10^2_145,[[11; 1; 12; 0]; [1; 16; 2; 17]; [13; 2; 14; 3]; [3; 7; 4; 6]; [19; 4; 10; 5]; [5; 18; 6; 19]; [7; 14; 8; 15]; [15; 8; 16; 9]; [9; 11; 0; 10]; [17; 13; 18; 12]],15.2870143307,10,31
10^2_146,[[9; 1; 10; 0]; [1; 9; 2; 8]; [2; 16; 3; 15]; [16; 4; 17; 3]; [4; 0; 5; 13]; [18; 5; 19; 6]; [6; 11; 7; 12]; [14; 8; 15; 7]; [10; 14; 11; 19]; [12; 17; 13; 18]],10.7040611240,10,31
10^2_147,[[15; 0; 16; 1]; [1; 7; 2; 6]; [19; 3; 14; 2]; [3; 11; 4; 10]; [9; 5; 10; 4]; [5; 15; 6; 14]; [7; 16; 8; 17]; [13; 8; 0; 9]; [11; 19; 12; 18]; [17; 13; 18; 12]],15.8513112846,10,31
10^2_148,[[0; 11; 1; 12]; [10; 1; 11; 2]; [2; 16; 3; 15]; [8; 3; 9; 4]; [4; 17; 5; 18]; [5; 12; 6; 13]; [13; 6; 14; 7]; [18; 7; 19; 8]; [16; 0; 17; 9]; [14; 10; 15; 19]],11.7940862847,10,31
10^2_149,[[5; 1; 6; 0]; [1; 10; 2; 11]; [2; 16; 3; 15]; [16; 4; 17; 3]; [9; 4; 10; 5]; [11; 7; 12; 6]; [7; 15; 8; 14]; [17; 9; 18; 8]; [19; 12; 14; 13]; [13; 18; 0; 19]],12.0899011527,10,31
10^2_150,[[5; 1; 6; 0]; [1; 10; 2; 11]; [15; 2; 16; 3]; [3; 16; 4; 17]; [9; 4; 10; 5]; [11; 7; 12; 6]; [7; 15; 8; 14]; [17; 9; 18; 8]; [19; 12; 14; 13]; [13; 18; 0; 19]],16.3432490858,10,31
10^2_151,[[0; 11; 1; 12]; [10; 1; 11; 2]; [2; 16; 3; 15]; [8; 3; 9; 4]; [4; 17; 5; 18]; [12; 6; 13; 5]; [6; 14; 7; 13]; [18; 7; 19; 8]; [16; 0; 17; 9]; [14; 10; 15; 19]],16.352749579,10,31
10^2_152,[[9; 1; 10; 0]; [1; 4; 2; 5]; [15; 2; 16; 3]; [3; 16; 4; 17]; [5; 11; 6; 10]; [19; 6; 14; 7]; [7; 12; 8; 13]; [17; 9; 18; 8]; [11; 15; 12; 14]; [13; 18; 0; 19]],16.6487332293,10,31
10^2_153,[[9; 0; 10; 1]; [1; 17; 2; 16]; [15; 3; 16; 2]; [3; 8; 4; 9]; [19; 4; 14; 5]; [5; 12; 6; 13]; [11; 6; 12; 7]; [7; 14; 8; 15]; [17; 10; 18; 11]; [13; 18; 0; 19]],16.0608041233,10,31
10^2_154,[[11; 0; 12; 1]; [1; 17; 2; 16]; [13; 3; 14; 2]; [3; 18; 4; 19]; [9; 4; 0; 5]; [5; 11; 6; 10]; [6; 16; 7; 15]; [14; 8; 15; 7]; [19; 9; 10; 8]; [17; 12; 18; 13]],14.3921282412,10,31
10^2_155,[[11; 0; 12; 1]; [1; 17; 2; 16]; [13; 3; 14; 2]; [3; 18; 4; 19]; [9; 4; 0; 5]; [5; 11; 6; 10]; [15; 6; 16; 7]; [7; 14; 8; 15]; [19; 9; 10; 8]; [17; 12; 18; 13]],17.3949586677,10,31
10^2_156,[[0; 15; 1; 16]; [10; 1; 11; 2]; [2; 7; 3; 8]; [18; 3; 19; 4]; [4; 13; 5; 0]; [14; 6; 15; 5]; [6; 12; 7; 11]; [8; 18; 9; 17]; [16; 10; 17; 9]; [12; 14; 13; 19]],16.7126741640,10,31
10^2_157,[[11; 1; 12; 0]; [1; 13; 2; 12]; [13; 3; 14; 2]; [3; 15; 4; 14]; [15; 5; 16; 4]; [5; 17; 6; 16]; [17; 7; 18; 6]; [7; 19; 8; 18]; [19; 9; 10; 8]; [9; 11; 0; 10]],-3.65851786 E-14,10,31
10^2_158,[[13; 1; 14; 0]; [1; 15; 2; 14]; [5; 2; 6; 3]; [3; 16; 4; 17]; [17; 4; 18; 5]; [15; 7; 16; 6]; [7; 13; 8; 12]; [11; 8; 0; 9]; [9; 18; 10; 19]; [19; 10; 12; 11]],13.1558856510,10,31
10^2_159,[[13; 0; 14; 1]; [1; 12; 2; 13]; [19; 2; 12; 3]; [3; 6; 4; 7]; [17; 5; 18; 4]; [5; 17; 6; 16]; [7; 18; 8; 19]; [11; 9; 0; 8]; [9; 15; 10; 14]; [15; 11; 16; 10]],11.7220229851,10,31
10^2_160,[[13; 1; 14; 0]; [1; 13; 2; 12]; [19; 3; 12; 2]; [3; 19; 4; 18]; [7; 4; 8; 5]; [5; 16; 6; 17]; [17; 6; 18; 7]; [11; 8; 0; 9]; [9; 14; 10; 15]; [15; 10; 16; 11]],9.8429656966,10,31
10^2_161,[[0; 15; 1; 16]; [6; 1; 7; 2]; [2; 5; 3; 6]; [16; 3; 17; 4]; [4; 17; 5; 18]; [14; 7; 15; 8]; [8; 0; 9; 13]; [12; 10; 13; 9]; [10; 19; 11; 14]; [18; 11; 19; 12]],12.8003903549,10,31
10^2_162,[[0; 15; 1; 16]; [12; 1; 13; 2]; [2; 11; 3; 12]; [8; 3; 9; 4]; [4; 7; 5; 8]; [16; 5; 17; 6]; [6; 17; 7; 18]; [18; 9; 19; 10]; [10; 19; 11; 14]; [14; 13; 15; 0]],12.580605368,10,31
10^2_163,[[0; 8; 1; 7]; [6; 2; 7; 1]; [2; 6; 3; 5]; [14; 3; 15; 4]; [4; 13; 5; 14]; [8; 16; 9; 15]; [12; 10; 13; 9]; [10; 17; 11; 18]; [18; 11; 19; 0]; [16; 19; 17; 12]],11.9830738155,10,31
10^2_164,[[7; 0; 8; 1]; [1; 6; 2; 7]; [5; 2; 6; 3]; [3; 17; 4; 16]; [15; 5; 16; 4]; [17; 8; 18; 9]; [9; 18; 10; 19]; [13; 10; 0; 11]; [11; 15; 12; 14]; [19; 13; 14; 12]],11.757173057,10,31
10^2_165,[[17; 0; 18; 1]; [1; 14; 2; 15]; [13; 2; 14; 3]; [3; 12; 4; 13]; [11; 4; 12; 5]; [5; 10; 6; 11]; [9; 6; 10; 7]; [7; 18; 8; 19]; [19; 8; 16; 9]; [15; 16; 0; 17]],6.9273771123,10,31
10^2_166,[[13; 1; 14; 0]; [1; 13; 2; 12]; [11; 2; 0; 3]; [3; 14; 4; 15]; [9; 5; 10; 4]; [5; 17; 6; 16]; [19; 7; 12; 6]; [7; 19; 8; 18]; [17; 9; 18; 8]; [15; 10; 16; 11]],12.6052726115,10,31
10^2_167,[[0; 13; 1; 14]; [12; 1; 13; 2]; [2; 19; 3; 12]; [14; 3; 15; 4]; [4; 11; 5; 0]; [18; 6; 19; 5]; [6; 18; 7; 17]; [10; 7; 11; 8]; [8; 15; 9; 16]; [16; 9; 17; 10]],11.9838633833,10,31
10^2_168,[[0; 13; 1; 14]; [14; 1; 15; 2]; [2; 15; 3; 16]; [10; 4; 11; 3]; [4; 10; 5; 9]; [18; 5; 19; 6]; [6; 19; 7; 12]; [12; 7; 13; 8]; [8; 17; 9; 18]; [16; 11; 17; 0]],10.462307732,10,31
10^2_169,[[0; 11; 1; 12]; [10; 1; 11; 2]; [2; 9; 3; 10]; [8; 3; 9; 4]; [4; 15; 5; 16]; [14; 5; 15; 6]; [6; 19; 7; 14]; [16; 7; 17; 8]; [12; 17; 13; 18]; [18; 13; 19; 0]],8.9710596658,10,31
10^2_170,[[0; 14; 1; 13]; [12; 2; 13; 1]; [2; 12; 3; 19]; [16; 4; 17; 3]; [4; 9; 5; 10]; [8; 5; 9; 6]; [6; 16; 7; 15]; [14; 8; 15; 7]; [10; 18; 11; 17]; [18; 0; 19; 11]],11.8342952778,10,31
10^2_171,[[0; 11; 1; 12]; [10; 1; 11; 2]; [2; 19; 3; 10]; [16; 3; 17; 4]; [4; 15; 5; 16]; [12; 5; 13; 6]; [6; 13; 7; 14]; [14; 7; 15; 8]; [8; 17; 9; 18]; [18; 9; 19; 0]],11.2021179358,10,31
10^2_172,[[0; 14; 1; 13]; [14; 2; 15; 1]; [2; 16; 3; 15]; [12; 4; 13; 3]; [4; 12; 5; 19]; [18; 6; 19; 5]; [6; 11; 7; 0]; [10; 7; 11; 8]; [8; 18; 9; 17]; [16; 10; 17; 9]],11.2112468279,10,31
10^2_173,[[11; 0; 12; 1]; [1; 12; 2; 13]; [13; 2; 14; 3]; [3; 10; 4; 11]; [19; 4; 10; 5]; [5; 18; 6; 19]; [17; 6; 18; 7]; [7; 14; 8; 15]; [15; 8; 16; 9]; [9; 16; 0; 17]],9.4508031702,10,31
10^2_174,[[0; 7; 1; 8]; [18; 2; 19; 1]; [2; 12; 3; 11]; [16; 3; 17; 4]; [4; 15; 5; 16]; [14; 5; 15; 6]; [6; 13; 7; 14]; [8; 19; 9; 10]; [10; 9; 11; 0]; [12; 18; 13; 17]],11.0357268448,10,31
10^2_175,[[5; 0; 6; 1]; [1; 15; 2; 14]; [13; 3; 14; 2]; [3; 13; 4; 12]; [19; 5; 12; 4]; [15; 6; 16; 7]; [7; 16; 8; 17]; [11; 8; 0; 9]; [9; 19; 10; 18]; [17; 11; 18; 10]],10.043847574,10,31
10^2_176,[[13; 0; 14; 1]; [1; 12; 2; 13]; [19; 2; 12; 3]; [3; 18; 4; 19]; [11; 5; 0; 4]; [5; 11; 6; 10]; [17; 6; 18; 7]; [7; 14; 8; 15]; [15; 8; 16; 9]; [9; 16; 10; 17]],9.7071865913,10,31
10^2_177,[[13; 1; 14; 0]; [1; 13; 2; 12]; [19; 3; 12; 2]; [3; 19; 4; 18]; [11; 4; 0; 5]; [5; 10; 6; 11]; [17; 7; 18; 6]; [7; 17; 8; 16]; [15; 9; 16; 8]; [9; 15; 10; 14]],8.5191836040,10,31
10^2_178,[[0; 15; 1; 16]; [16; 1; 17; 2]; [2; 17; 3; 18]; [18; 3; 19; 4]; [4; 13; 5; 0]; [12; 5; 13; 6]; [6; 11; 7; 12]; [10; 7; 11; 8]; [8; 19; 9; 14]; [14; 9; 15; 10]],8.6933834220,10,31
10^2_179,[[11; 1; 12; 0]; [1; 11; 2; 10]; [9; 2; 0; 3]; [3; 15; 4; 14]; [15; 5; 16; 4]; [5; 17; 6; 16]; [17; 7; 18; 6]; [7; 19; 8; 18]; [13; 9; 14; 8]; [19; 12; 10; 13]],8.5017825212,10,31
10^2_180,[[0; 11; 1; 12]; [12; 1; 13; 2]; [2; 13; 3; 14]; [10; 3; 11; 4]; [4; 19; 5; 10]; [14; 5; 15; 6]; [6; 15; 7; 16]; [16; 7; 17; 8]; [8; 17; 9; 18]; [18; 9; 19; 0]],8.2747752844,10,31
10^2_181,[[0; 12; 1; 11]; [10; 2; 11; 1]; [2; 10; 3; 19]; [18; 4; 19; 3]; [4; 18; 5; 17]; [12; 6; 13; 5]; [6; 14; 7; 13]; [14; 8; 15; 7]; [8; 16; 9; 15]; [16; 0; 17; 9]],5.90796340423,10,31
10^2_182,[[0; 5; 1; 6]; [4; 1; 5; 2]; [2; 13; 3; 14]; [14; 3; 15; 4]; [6; 15; 7; 16]; [16; 7; 17; 8]; [8; 17; 9; 18]; [18; 9; 19; 10]; [10; 19; 11; 12]; [12; 11; 13; 0]],7.3494159962,10,31
10^2_183,[[11; 1; 12; 0]; [1; 11; 2; 10]; [19; 3; 10; 2]; [3; 13; 4; 12]; [13; 5; 14; 4]; [5; 15; 6; 14]; [15; 7; 16; 6]; [7; 17; 8; 16]; [17; 9; 18; 8]; [9; 19; 0; 18]],5.08265384152,10,31
6^3_1,[[0; 6; 1; 5]; [6; 2; 7; 1]; [2; 10; 3; 9]; [10; 0; 11; 3]; [4; 11; 5; 8]; [8; 7; 9; 4]],5.3334895669,6,31
6^3_2,[[5; 0; 6; 1]; [1; 8; 2; 9]; [7; 3; 4; 2]; [3; 11; 0; 10]; [9; 4; 10; 5]; [11; 7; 8; 6]],7.32772475342,6,31
6^3_3,[[5; 0; 6; 1]; [1; 6; 2; 7]; [2; 10; 3; 9]; [10; 0; 11; 3]; [4; 11; 5; 8]; [8; 7; 9; 4]],0.000286598925922487,6,31
7^3_1,[[7; 1; 8; 0]; [1; 9; 2; 8]; [5; 3; 0; 2]; [3; 11; 4; 10]; [11; 5; 12; 4]; [13; 7; 10; 6]; [9; 13; 6; 12]],7.7069118028,7,31
8^3_1,[[0; 8; 1; 7]; [10; 2; 11; 1]; [2; 12; 3; 11]; [12; 4; 13; 3]; [4; 14; 5; 13]; [6; 0; 7; 5]; [8; 15; 9; 10]; [14; 9; 15; 6]],6.55174328789,8,31
8^3_2,[[0; 8; 1; 7]; [8; 2; 9; 1]; [2; 12; 3; 11]; [14; 4; 15; 3]; [4; 14; 5; 13]; [12; 0; 13; 5]; [6; 15; 7; 10]; [10; 9; 11; 6]],8.7933456039,8,31
8^3_3,[[7; 1; 8; 0]; [1; 9; 2; 8]; [5; 3; 0; 2]; [3; 11; 4; 10]; [11; 5; 12; 4]; [13; 6; 14; 7]; [9; 14; 6; 15]; [15; 13; 10; 12]],8.9673608488,8,31
8^3_4,[[9; 0; 10; 1]; [1; 8; 2; 9]; [13; 2; 14; 3]; [3; 14; 4; 15]; [11; 4; 8; 5]; [5; 10; 6; 11]; [15; 6; 12; 7]; [7; 12; 0; 13]],10.149416064,8,31
8^3_5,[[7; 0; 8; 1]; [1; 15; 2; 14]; [9; 3; 6; 2]; [3; 10; 4; 11]; [11; 4; 12; 5]; [5; 12; 0; 13]; [13; 7; 14; 6]; [15; 8; 10; 9]],9.8020011658,8,31
8^3_6,[[0; 8; 1; 7]; [12; 1; 13; 2]; [2; 11; 3; 12]; [6; 4; 7; 3]; [4; 10; 5; 15]; [14; 0; 15; 5]; [8; 14; 9; 13]; [10; 6; 11; 9]],10.6669791338,8,31
8^3_7,[[0; 8; 1; 7]; [10; 2; 11; 1]; [2; 12; 3; 11]; [12; 4; 13; 3]; [4; 14; 5; 13]; [6; 0; 7; 5]; [15; 9; 10; 8]; [9; 15; 6; 14]],2.10 E-7,8,31
8^3_8,[[7; 0; 8; 1]; [1; 8; 2; 9]; [2; 12; 3; 11]; [14; 4; 15; 3]; [4; 14; 5; 13]; [12; 0; 13; 5]; [6; 15; 7; 10]; [10; 9; 11; 6]],5.3334895669,8,31
8^3_9,[[9; 0; 10; 1]; [1; 8; 2; 9]; [13; 2; 14; 3]; [3; 14; 4; 15]; [4; 8; 5; 11]; [10; 6; 11; 5]; [15; 6; 12; 7]; [7; 12; 0; 13]],7.32772475342,8,31
8^3_10,[[0; 10; 1; 9]; [8; 2; 9; 1]; [13; 2; 14; 3]; [3; 14; 4; 15]; [4; 8; 5; 11]; [10; 6; 11; 5]; [15; 6; 12; 7]; [7; 12; 0; 13]],3.0 E-7,8,31
9^3_1,[[3; 1; 4; 0]; [1; 10; 2; 11]; [9; 2; 10; 3]; [11; 5; 12; 4]; [5; 13; 6; 12]; [15; 6; 16; 7]; [7; 14; 0; 15]; [17; 9; 14; 8]; [13; 17; 8; 16]],10.740257668,9,31
9^3_2,[[0; 9; 1; 10]; [6; 1; 7; 2]; [2; 12; 3; 11]; [16; 3; 17; 4]; [4; 15; 5; 16]; [10; 6; 11; 5]; [8; 7; 9; 0]; [12; 14; 13; 17]; [14; 8; 15; 13]],11.7622342871,9,31
9^3_3,[[5; 1; 6; 0]; [1; 11; 2; 10]; [11; 3; 12; 2]; [3; 9; 4; 8]; [9; 5; 0; 4]; [15; 7; 16; 6]; [7; 17; 8; 16]; [17; 13; 14; 12]; [13; 15; 10; 14]],11.2949691358,9,31
9^3_4,[[5; 0; 6; 1]; [1; 6; 2; 7]; [11; 2; 12; 3]; [3; 10; 4; 11]; [7; 4; 8; 5]; [15; 8; 16; 9]; [9; 14; 0; 15]; [17; 12; 14; 13]; [13; 16; 10; 17]],12.2765627777,9,31
9^3_5,[[9; 1; 10; 0]; [1; 11; 2; 10]; [5; 3; 6; 2]; [3; 15; 4; 14]; [15; 5; 16; 4]; [13; 7; 8; 6]; [7; 9; 0; 8]; [11; 17; 12; 16]; [17; 13; 14; 12]],9.3123413166,9,31
9^3_6,[[3; 1; 4; 0]; [1; 8; 2; 9]; [7; 2; 8; 3]; [13; 5; 14; 4]; [5; 15; 0; 14]; [17; 6; 12; 7]; [9; 12; 10; 13]; [15; 10; 16; 11]; [11; 16; 6; 17]],10.5628063121,9,31
9^3_7,[[7; 1; 8; 0]; [1; 9; 2; 8]; [5; 3; 0; 2]; [3; 13; 4; 12]; [13; 5; 14; 4]; [9; 7; 10; 6]; [15; 11; 16; 10]; [11; 17; 6; 16]; [17; 15; 12; 14]],9.6653464194,9,31
9^3_8,[[0; 10; 1; 9]; [16; 1; 17; 2]; [2; 15; 3; 16]; [12; 3; 13; 4]; [4; 13; 5; 8]; [14; 5; 15; 6]; [6; 17; 7; 14]; [10; 0; 11; 7]; [8; 11; 9; 12]],11.7518361653,9,31
9^3_9,[[0; 12; 1; 11]; [12; 2; 13; 1]; [2; 8; 3; 7]; [14; 4; 15; 3]; [4; 16; 5; 15]; [10; 5; 11; 6]; [6; 13; 7; 10]; [8; 17; 9; 14]; [16; 9; 17; 0]],11.751836165,9,31
9^3_10,[[9; 0; 10; 1]; [1; 4; 2; 5]; [11; 3; 12; 2]; [3; 11; 4; 10]; [5; 17; 6; 16]; [13; 7; 8; 6]; [7; 14; 0; 15]; [15; 9; 16; 8]; [17; 12; 14; 13]],13.323360922,9,31
9^3_11,[[9; 1; 10; 0]; [1; 14; 2; 15]; [5; 3; 6; 2]; [3; 13; 4; 12]; [13; 5; 8; 4]; [15; 6; 16; 7]; [7; 11; 0; 10]; [17; 8; 14; 9]; [11; 16; 12; 17]],13.0404013697,9,31
9^3_12,[[0; 12; 1; 11]; [16; 2; 17; 1]; [2; 7; 3; 8]; [14; 3; 15; 4]; [4; 13; 5; 10]; [12; 5; 13; 6]; [6; 15; 7; 16]; [8; 14; 9; 17]; [10; 0; 11; 9]],13.8132784408,9,31
9^3_13,[[3; 1; 4; 0]; [1; 10; 2; 11]; [9; 2; 10; 3]; [11; 5; 12; 4]; [5; 13; 6; 12]; [6; 16; 7; 15]; [14; 0; 15; 7]; [17; 9; 14; 8]; [13; 17; 8; 16]],5.33348956690,9,31
9^3_14,[[0; 9; 1; 10]; [6; 1; 7; 2]; [2; 12; 3; 11]; [3; 17; 4; 16]; [15; 5; 16; 4]; [10; 6; 11; 5]; [8; 7; 9; 0]; [12; 14; 13; 17]; [14; 8; 15; 13]],7.70691180281,9,31
9^3_15,[[5; 1; 6; 0]; [10; 1; 11; 2]; [2; 11; 3; 12]; [3; 9; 4; 8]; [9; 5; 0; 4]; [15; 7; 16; 6]; [7; 17; 8; 16]; [17; 13; 14; 12]; [13; 15; 10; 14]],8.3555021464,9,31
9^3_16,[[5; 0; 6; 1]; [1; 6; 2; 7]; [11; 2; 12; 3]; [3; 10; 4; 11]; [7; 4; 8; 5]; [15; 8; 16; 9]; [9; 14; 0; 15]; [12; 14; 13; 17]; [16; 10; 17; 13]],9.9665118837,9,31
9^3_17,[[5; 1; 6; 0]; [10; 1; 11; 2]; [2; 11; 3; 12]; [3; 9; 4; 8]; [9; 5; 0; 4]; [15; 7; 16; 6]; [7; 17; 8; 16]; [12; 17; 13; 14]; [14; 13; 15; 10]],5.33348956690,9,31
9^3_18,[[0; 10; 1; 9]; [1; 17; 2; 16]; [15; 3; 16; 2]; [12; 3; 13; 4]; [4; 13; 5; 8]; [14; 5; 15; 6]; [6; 17; 7; 14]; [10; 0; 11; 7]; [8; 11; 9; 12]],7.3277247534,9,31
9^3_19,[[0; 10; 1; 9]; [1; 17; 2; 16]; [15; 3; 16; 2]; [12; 3; 13; 4]; [4; 13; 5; 8]; [5; 15; 6; 14]; [17; 7; 14; 6]; [10; 0; 11; 7]; [8; 11; 9; 12]],7.32772475342,9,31
9^3_20,[[0; 12; 1; 11]; [16; 2; 17; 1]; [2; 7; 3; 8]; [14; 3; 15; 4]; [13; 5; 10; 4]; [5; 13; 6; 12]; [6; 15; 7; 16]; [8; 14; 9; 17]; [10; 0; 11; 9]],10.9915871301,9,31
9^3_21,[[11; 0; 12; 1]; [16; 2; 17; 1]; [2; 7; 3; 8]; [14; 3; 15; 4]; [13; 5; 10; 4]; [5; 13; 6; 12]; [6; 15; 7; 16]; [8; 14; 9; 17]; [9; 10; 0; 11]],3.66386237671,9,31
10^3_1,[[7; 1; 8; 0]; [1; 7; 2; 6]; [2; 13; 3; 14]; [14; 3; 15; 4]; [4; 17; 5; 18]; [18; 5; 19; 6]; [8; 19; 9; 16]; [16; 9; 17; 10]; [10; 15; 11; 12]; [12; 11; 13; 0]],12.8448530047,10,31
10^3_2,[[0; 7; 1; 8]; [6; 1; 7; 2]; [2; 13; 3; 14]; [14; 3; 15; 4]; [4; 17; 5; 18]; [18; 5; 19; 6]; [8; 19; 9; 16]; [16; 9; 17; 10]; [10; 15; 11; 12]; [12; 11; 13; 0]],14.603060753,10,31
10^3_3,[[0; 7; 1; 8]; [6; 1; 7; 2]; [2; 13; 3; 14]; [14; 3; 15; 4]; [17; 5; 18; 4]; [5; 19; 6; 18]; [8; 19; 9; 16]; [16; 9; 17; 10]; [10; 15; 11; 12]; [12; 11; 13; 0]],10.9915871301,10,31
10^3_4,[[0; 7; 1; 8]; [6; 1; 7; 2]; [2; 13; 3; 14]; [14; 3; 15; 4]; [17; 5; 18; 4]; [5; 19; 6; 18]; [19; 9; 16; 8]; [9; 17; 10; 16]; [10; 15; 11; 12]; [12; 11; 13; 0]],10.1494160641,10,31
10^3_5,[[0; 10; 1; 9]; [14; 2; 15; 1]; [2; 16; 3; 15]; [12; 3; 13; 4]; [4; 13; 5; 8]; [18; 5; 19; 6]; [6; 17; 7; 18]; [10; 0; 11; 7]; [8; 11; 9; 12]; [16; 14; 17; 19]],13.9396856802,10,31
10^3_6,[[0; 11; 1; 12]; [12; 1; 13; 2]; [2; 7; 3; 8]; [16; 4; 17; 3]; [4; 16; 5; 15]; [10; 6; 11; 5]; [6; 10; 7; 13]; [8; 14; 9; 19]; [18; 0; 19; 9]; [14; 17; 15; 18]],13.9396856802,10,31
10^3_7,[[0; 10; 1; 9]; [6; 1; 7; 2]; [2; 5; 3; 6]; [14; 4; 15; 3]; [4; 14; 5; 13]; [10; 0; 11; 7]; [8; 17; 9; 18]; [16; 11; 17; 12]; [12; 19; 13; 16]; [18; 15; 19; 8]],12.7091731144,10,31
10^3_8,[[0; 10; 1; 9]; [6; 1; 7; 2]; [2; 5; 3; 6]; [14; 4; 15; 3]; [4; 14; 5; 13]; [10; 0; 11; 7]; [17; 9; 18; 8]; [16; 11; 17; 12]; [12; 19; 13; 16]; [15; 19; 8; 18]],7.3277247534,10,31
10^3_9,[[0; 10; 1; 9]; [6; 1; 7; 2]; [2; 5; 3; 6]; [14; 4; 15; 3]; [4; 14; 5; 13]; [10; 0; 11; 7]; [17; 9; 18; 8]; [11; 17; 12; 16]; [19; 13; 16; 12]; [15; 19; 8; 18]],10.149416064,10,31
10^3_10,[[0; 11; 1; 12]; [4; 2; 5; 1]; [2; 16; 3; 15]; [16; 4; 17; 3]; [8; 6; 9; 5]; [6; 14; 7; 19]; [14; 8; 15; 7]; [12; 9; 13; 0]; [10; 17; 11; 18]; [18; 13; 19; 10]],14.323760018,10,31
10^3_11,[[0; 11; 1; 12]; [4; 2; 5; 1]; [2; 16; 3; 15]; [16; 4; 17; 3]; [8; 6; 9; 5]; [6; 14; 7; 19]; [14; 8; 15; 7]; [12; 9; 13; 0]; [17; 11; 18; 10]; [13; 19; 10; 18]],10.6669791338,10,31
10^3_12,[[11; 1; 12; 0]; [4; 2; 5; 1]; [2; 16; 3; 15]; [16; 4; 17; 3]; [8; 6; 9; 5]; [6; 14; 7; 19]; [14; 8; 15; 7]; [9; 13; 0; 12]; [17; 11; 18; 10]; [13; 19; 10; 18]],8.9293178231,10,31
10^3_13,[[0; 12; 1; 11]; [12; 2; 13; 1]; [5; 2; 6; 3]; [3; 17; 4; 16]; [15; 5; 16; 4]; [6; 0; 7; 9]; [18; 7; 19; 8]; [8; 17; 9; 18]; [10; 19; 11; 14]; [14; 13; 15; 10]],11.082166624,10,31
10^3_14,[[9; 1; 10; 0]; [1; 9; 2; 8]; [15; 3; 8; 2]; [3; 13; 4; 12]; [11; 5; 12; 4]; [5; 11; 6; 10]; [17; 7; 18; 6]; [7; 19; 0; 18]; [13; 16; 14; 17]; [19; 14; 16; 15]],12.479708872,10,31
10^3_15,[[9; 1; 10; 0]; [1; 9; 2; 8]; [15; 3; 8; 2]; [3; 13; 4; 12]; [11; 5; 12; 4]; [5; 11; 6; 10]; [17; 7; 18; 6]; [7; 19; 0; 18]; [16; 14; 17; 13]; [14; 16; 15; 19]],10.6669791338,10,31
10^3_16,[[9; 1; 10; 0]; [1; 9; 2; 8]; [15; 3; 8; 2]; [3; 13; 4; 12]; [11; 5; 12; 4]; [5; 11; 6; 10]; [6; 17; 7; 18]; [18; 7; 19; 0]; [16; 14; 17; 13]; [14; 16; 15; 19]],8.9293178231,10,31
10^3_17,[[0; 12; 1; 11]; [12; 2; 13; 1]; [2; 14; 3; 13]; [10; 4; 11; 3]; [4; 17; 5; 18]; [16; 5; 17; 6]; [6; 10; 7; 15]; [14; 8; 15; 7]; [8; 19; 9; 16]; [18; 9; 19; 0]],13.2718697416,10,31
10^3_18,[[0; 12; 1; 11]; [12; 2; 13; 1]; [2; 14; 3; 13]; [10; 4; 11; 3]; [17; 5; 18; 4]; [5; 17; 6; 16]; [6; 10; 7; 15]; [14; 8; 15; 7]; [8; 19; 9; 16]; [18; 9; 19; 0]],9.8020011658,10,31
10^3_19,[[0; 12; 1; 11]; [12; 2; 13; 1]; [2; 14; 3; 13]; [10; 4; 11; 3]; [17; 5; 18; 4]; [5; 17; 6; 16]; [6; 10; 7; 15]; [14; 8; 15; 7]; [19; 9; 16; 8]; [9; 19; 0; 18]],7.3277247534,10,31
10^3_20,[[0; 12; 1; 11]; [12; 2; 13; 1]; [2; 14; 3; 13]; [10; 4; 11; 3]; [4; 17; 5; 18]; [16; 5; 17; 6]; [15; 6; 10; 7]; [7; 14; 8; 15]; [8; 19; 9; 16]; [18; 9; 19; 0]],11.2029416118,10,31
10^3_21,[[0; 12; 1; 11]; [10; 2; 11; 1]; [2; 10; 3; 15]; [14; 4; 15; 3]; [4; 17; 5; 18]; [16; 5; 17; 6]; [6; 14; 7; 13]; [12; 8; 13; 7]; [8; 19; 9; 16]; [18; 9; 19; 0]],11.866612069,10,31
10^3_22,[[0; 12; 1; 11]; [10; 2; 11; 1]; [2; 10; 3; 15]; [14; 4; 15; 3]; [17; 5; 18; 4]; [5; 17; 6; 16]; [6; 14; 7; 13]; [12; 8; 13; 7]; [8; 19; 9; 16]; [18; 9; 19; 0]],9.8020011658,10,31
10^3_23,[[0; 12; 1; 11]; [10; 2; 11; 1]; [2; 10; 3; 15]; [14; 4; 15; 3]; [17; 5; 18; 4]; [5; 17; 6; 16]; [6; 14; 7; 13]; [12; 8; 13; 7]; [19; 9; 16; 8]; [9; 19; 0; 18]],7.3277247534,10,31
10^3_24,[[0; 12; 1; 11]; [10; 2; 11; 1]; [2; 10; 3; 15]; [14; 4; 15; 3]; [4; 17; 5; 18]; [16; 5; 17; 6]; [13; 6; 14; 7]; [7; 12; 8; 13]; [8; 19; 9; 16]; [18; 9; 19; 0]],8.9293178231,10,31
10^3_25,[[13; 0; 14; 1]; [1; 8; 2; 9]; [7; 2; 8; 3]; [3; 14; 4; 15]; [17; 4; 18; 5]; [5; 16; 6; 17]; [15; 6; 12; 7]; [9; 12; 10; 13]; [19; 10; 16; 11]; [11; 18; 0; 19]],15.4829056310,10,31
10^3_26,[[11; 1; 12; 0]; [1; 16; 2; 17]; [7; 2; 8; 3]; [3; 19; 4; 18]; [13; 5; 14; 4]; [5; 15; 6; 14]; [17; 7; 18; 6]; [19; 8; 16; 9]; [9; 11; 0; 10]; [15; 13; 10; 12]],15.4156985420,10,31
10^3_27,[[13; 0; 14; 1]; [1; 8; 2; 9]; [7; 2; 8; 3]; [3; 14; 4; 15]; [17; 4; 18; 5]; [5; 16; 6; 17]; [15; 6; 12; 7]; [9; 12; 10; 13]; [10; 16; 11; 19]; [18; 0; 19; 11]],12.6612143203,10,31
10^3_28,[[13; 0; 14; 1]; [1; 8; 2; 9]; [7; 2; 8; 3]; [3; 14; 4; 15]; [4; 18; 5; 17]; [16; 6; 17; 5]; [15; 6; 12; 7]; [9; 12; 10; 13]; [10; 16; 11; 19]; [18; 0; 19; 11]],5.3,10,31
10^3_29,[[9; 0; 10; 1]; [1; 10; 2; 11]; [15; 3; 16; 2]; [3; 17; 4; 16]; [17; 5; 18; 4]; [5; 13; 6; 12]; [13; 7; 8; 6]; [7; 15; 0; 14]; [19; 8; 14; 9]; [11; 18; 12; 19]],13.463954669,10,31
10^3_30,[[9; 0; 10; 1]; [1; 19; 2; 18]; [5; 3; 6; 2]; [3; 13; 4; 12]; [13; 5; 14; 4]; [17; 7; 18; 6]; [7; 8; 0; 9]; [15; 10; 8; 11]; [11; 17; 12; 16]; [19; 15; 16; 14]],15.413823606,10,31
10^3_31,[[11; 0; 12; 1]; [1; 7; 2; 6]; [5; 3; 6; 2]; [3; 10; 4; 11]; [15; 4; 10; 5]; [7; 18; 8; 19]; [13; 9; 14; 8]; [9; 17; 0; 16]; [17; 13; 18; 12]; [19; 14; 16; 15]],15.0456484673,10,31
10^3_32,[[0; 11; 1; 12]; [16; 2; 17; 1]; [2; 16; 3; 15]; [10; 3; 11; 4]; [4; 0; 5; 9]; [8; 6; 9; 5]; [6; 19; 7; 14]; [18; 7; 19; 8]; [12; 17; 13; 18]; [14; 13; 15; 10]],14.300850416,10,31
10^3_33,[[9; 1; 10; 0]; [1; 11; 2; 10]; [11; 3; 12; 2]; [3; 19; 4; 18]; [13; 4; 8; 5]; [5; 16; 6; 17]; [15; 6; 16; 7]; [7; 14; 0; 15]; [19; 9; 14; 8]; [17; 12; 18; 13]],12.1792992769,10,31
10^3_34,[[9; 0; 10; 1]; [1; 8; 2; 9]; [13; 2; 8; 3]; [3; 17; 4; 16]; [15; 5; 16; 4]; [5; 15; 6; 14]; [11; 7; 12; 6]; [7; 18; 0; 19]; [17; 10; 18; 11]; [19; 13; 14; 12]],12.976937968,10,31
10^3_35,[[9; 0; 10; 1]; [1; 8; 2; 9]; [15; 2; 8; 3]; [3; 10; 4; 11]; [17; 4; 18; 5]; [5; 13; 6; 12]; [13; 7; 14; 6]; [7; 18; 0; 19]; [11; 17; 12; 16]; [19; 15; 16; 14]],14.1268351708,10,31
10^3_36,[[9; 0; 10; 1]; [1; 8; 2; 9]; [15; 2; 8; 3]; [3; 10; 4; 11]; [11; 4; 12; 5]; [5; 18; 6; 19]; [13; 7; 14; 6]; [7; 17; 0; 16]; [17; 13; 18; 12]; [19; 14; 16; 15]],13.9130573447,10,31
10^3_37,[[9; 0; 10; 1]; [1; 10; 2; 11]; [11; 2; 12; 3]; [3; 19; 4; 18]; [15; 5; 8; 4]; [5; 15; 6; 14]; [13; 7; 14; 6]; [7; 16; 0; 17]; [17; 9; 18; 8]; [19; 12; 16; 13]],12.2762775782,10,31
10^3_38,[[9; 1; 10; 0]; [1; 9; 2; 8]; [15; 3; 8; 2]; [3; 19; 4; 18]; [13; 4; 14; 5]; [5; 12; 6; 13]; [11; 6; 12; 7]; [7; 16; 0; 17]; [17; 10; 18; 11]; [19; 15; 16; 14]],12.2762775782,10,31
10^3_39,[[9; 0; 10; 1]; [1; 10; 2; 11]; [11; 2; 12; 3]; [3; 12; 4; 13]; [17; 5; 18; 4]; [5; 15; 6; 14]; [15; 7; 8; 6]; [7; 17; 0; 16]; [19; 8; 16; 9]; [13; 18; 14; 19]],11.8852328548,10,31
10^3_40,[[0; 10; 1; 9]; [8; 2; 9; 1]; [2; 8; 3; 15]; [14; 4; 15; 3]; [4; 14; 5; 13]; [16; 5; 17; 6]; [6; 11; 7; 12]; [18; 0; 19; 7]; [10; 18; 11; 17]; [12; 19; 13; 16]],10.4486181636,10,31
10^3_41,[[9; 0; 10; 1]; [1; 8; 2; 9]; [7; 3; 0; 2]; [3; 7; 4; 6]; [15; 5; 16; 4]; [5; 17; 6; 16]; [13; 11; 8; 10]; [11; 19; 12; 18]; [19; 13; 14; 12]; [17; 15; 18; 14]],10.0700785354,10,31
10^3_42,[[0; 12; 1; 11]; [4; 1; 5; 2]; [2; 7; 3; 8]; [8; 3; 9; 4]; [16; 6; 17; 5]; [6; 18; 7; 17]; [10; 0; 11; 9]; [12; 10; 13; 15]; [18; 14; 19; 13]; [14; 16; 15; 19]],13.6403889110,10,31
10^3_43,[[13; 1; 14; 0]; [1; 15; 2; 14]; [7; 3; 8; 2]; [3; 10; 4; 11]; [9; 4; 10; 5]; [5; 17; 6; 16]; [17; 7; 18; 6]; [11; 9; 0; 8]; [19; 13; 16; 12]; [15; 19; 12; 18]],14.390331965,10,31
10^3_44,[[13; 1; 14; 0]; [1; 15; 2; 14]; [7; 3; 8; 2]; [3; 10; 4; 11]; [9; 4; 10; 5]; [5; 17; 6; 16]; [17; 7; 18; 6]; [11; 9; 0; 8]; [12; 19; 13; 16]; [18; 15; 19; 12]],12.005951173,10,31
10^3_45,[[9; 1; 10; 0]; [1; 11; 2; 10]; [15; 3; 16; 2]; [3; 6; 4; 7]; [17; 4; 18; 5]; [5; 18; 6; 19]; [7; 17; 0; 16]; [11; 9; 12; 8]; [19; 13; 14; 12]; [13; 15; 8; 14]],13.7755304763,10,31
10^3_46,[[9; 1; 10; 0]; [1; 11; 2; 10]; [15; 3; 16; 2]; [3; 17; 4; 16]; [7; 5; 0; 4]; [5; 18; 6; 19]; [17; 6; 18; 7]; [11; 9; 12; 8]; [19; 13; 14; 12]; [13; 15; 8; 14]],13.2061745660,10,31
10^3_47,[[13; 0; 14; 1]; [1; 12; 2; 13]; [7; 2; 8; 3]; [3; 6; 4; 7]; [11; 5; 0; 4]; [5; 11; 6; 10]; [17; 8; 18; 9]; [9; 16; 10; 17]; [19; 14; 16; 15]; [15; 18; 12; 19]],13.955866986,10,31
10^3_48,[[13; 0; 14; 1]; [1; 12; 2; 13]; [7; 2; 8; 3]; [3; 6; 4; 7]; [11; 5; 0; 4]; [5; 11; 6; 10]; [17; 8; 18; 9]; [9; 16; 10; 17]; [14; 16; 15; 19]; [18; 12; 19; 15]],11.2846029774,10,31
10^3_49,[[0; 14; 1; 13]; [12; 2; 13; 1]; [7; 2; 8; 3]; [3; 6; 4; 7]; [11; 5; 0; 4]; [5; 11; 6; 10]; [17; 8; 18; 9]; [9; 16; 10; 17]; [14; 16; 15; 19]; [18; 12; 19; 15]],7.7069118028,10,31
10^3_50,[[11; 1; 12; 0]; [1; 6; 2; 7]; [5; 2; 6; 3]; [3; 15; 4; 14]; [13; 5; 14; 4]; [7; 13; 8; 12]; [17; 8; 18; 9]; [9; 16; 0; 17]; [19; 11; 16; 10]; [15; 19; 10; 18]],13.2506395876,10,31
10^3_51,[[11; 1; 12; 0]; [1; 6; 2; 7]; [5; 2; 6; 3]; [3; 15; 4; 14]; [13; 5; 14; 4]; [7; 13; 8; 12]; [8; 18; 9; 17]; [16; 0; 17; 9]; [19; 11; 16; 10]; [15; 19; 10; 18]],8.9673608488,10,31
10^3_52,[[0; 6; 1; 5]; [4; 2; 5; 1]; [2; 12; 3; 11]; [12; 4; 13; 3]; [6; 14; 7; 13]; [14; 8; 15; 7]; [8; 18; 9; 17]; [18; 0; 19; 9]; [10; 19; 11; 16]; [16; 15; 17; 10]],12.721765197,10,31
10^3_53,[[0; 6; 1; 5]; [4; 2; 5; 1]; [2; 12; 3; 11]; [12; 4; 13; 3]; [6; 14; 7; 13]; [14; 8; 15; 7]; [17; 8; 18; 9]; [9; 18; 0; 19]; [10; 19; 11; 16]; [16; 15; 17; 10]],7.7069118028,10,31
10^3_54,[[5; 1; 6; 0]; [1; 7; 2; 6]; [7; 3; 8; 2]; [3; 11; 4; 10]; [11; 5; 12; 4]; [15; 8; 16; 9]; [9; 14; 0; 15]; [17; 13; 18; 12]; [13; 19; 10; 18]; [19; 17; 14; 16]],13.0279866909,10,31
10^3_55,[[0; 9; 1; 10]; [8; 1; 9; 2]; [2; 0; 3; 7]; [6; 4; 7; 3]; [4; 15; 5; 16]; [14; 5; 15; 6]; [10; 17; 11; 18]; [18; 11; 19; 12]; [12; 19; 13; 14]; [16; 13; 17; 8]],11.571896813,10,31
10^3_56,[[0; 9; 1; 10]; [10; 1; 11; 2]; [2; 11; 3; 12]; [8; 3; 9; 4]; [4; 16; 5; 15]; [18; 6; 19; 5]; [6; 18; 7; 17]; [16; 0; 17; 7]; [12; 14; 13; 19]; [14; 8; 15; 13]],11.9603816462,10,31
10^3_57,[[0; 9; 1; 10]; [10; 1; 11; 2]; [2; 11; 3; 12]; [8; 3; 9; 4]; [4; 16; 5; 15]; [18; 6; 19; 5]; [6; 18; 7; 17]; [16; 0; 17; 7]; [19; 12; 14; 13]; [13; 14; 8; 15]],9.5318798358,10,31
10^3_58,[[0; 9; 1; 10]; [10; 1; 11; 2]; [2; 13; 3; 14]; [18; 3; 19; 4]; [4; 17; 5; 18]; [8; 5; 9; 6]; [6; 15; 7; 8]; [14; 7; 15; 0]; [16; 11; 17; 12]; [12; 19; 13; 16]],12.5517592197,10,31
10^3_59,[[0; 9; 1; 10]; [10; 1; 11; 2]; [2; 13; 3; 14]; [18; 3; 19; 4]; [4; 17; 5; 18]; [8; 5; 9; 6]; [6; 15; 7; 8]; [14; 7; 15; 0]; [11; 17; 12; 16]; [19; 13; 16; 12]],8.7933456039,10,31
10^3_60,[[0; 10; 1; 9]; [8; 2; 9; 1]; [2; 8; 3; 15]; [10; 4; 11; 3]; [4; 12; 5; 11]; [12; 6; 13; 5]; [6; 18; 7; 17]; [18; 0; 19; 7]; [16; 13; 17; 14]; [14; 19; 15; 16]],11.079643111,10,31
10^3_61,[[0; 10; 1; 9]; [8; 2; 9; 1]; [2; 8; 3; 15]; [10; 4; 11; 3]; [4; 12; 5; 11]; [12; 6; 13; 5]; [17; 6; 18; 7]; [7; 18; 0; 19]; [16; 13; 17; 14]; [14; 19; 15; 16]],5.3334895669,10,31
10^3_62,[[0; 9; 1; 10]; [8; 1; 9; 2]; [2; 0; 3; 7]; [6; 4; 7; 3]; [4; 15; 5; 16]; [14; 5; 15; 6]; [10; 19; 11; 14]; [18; 11; 19; 12]; [12; 17; 13; 18]; [16; 13; 17; 8]],10.8479250159,10,31
10^3_63,[[9; 1; 10; 0]; [1; 9; 2; 8]; [13; 3; 8; 2]; [3; 16; 4; 17]; [15; 4; 16; 5]; [5; 14; 6; 15]; [19; 6; 14; 7]; [7; 13; 0; 12]; [17; 11; 18; 10]; [11; 19; 12; 18]],10.3219406773,10,31
10^3_64,[[9; 1; 10; 0]; [1; 9; 2; 8]; [13; 3; 8; 2]; [3; 16; 4; 17]; [15; 4; 16; 5]; [5; 14; 6; 15]; [19; 6; 14; 7]; [7; 13; 0; 12]; [10; 17; 11; 18]; [18; 11; 19; 12]],6.3545865572,10,31
10^3_65,[[0; 10; 1; 9]; [10; 2; 11; 1]; [2; 12; 3; 11]; [12; 4; 13; 3]; [4; 15; 5; 16]; [14; 5; 15; 6]; [6; 19; 7; 14]; [18; 7; 19; 0]; [8; 18; 9; 17]; [16; 8; 17; 13]],7.94057924778,10,31
10^3_66,[[0; 10; 1; 9]; [10; 2; 11; 1]; [2; 12; 3; 11]; [12; 4; 13; 3]; [4; 15; 5; 16]; [14; 5; 15; 6]; [6; 19; 7; 14]; [18; 7; 19; 0]; [17; 8; 18; 9]; [13; 16; 8; 17]],8.60609444 E-16,10,31
10^3_67,[[0; 10; 1; 9]; [8; 2; 9; 1]; [2; 8; 3; 15]; [14; 4; 15; 3]; [4; 14; 5; 13]; [10; 6; 11; 5]; [6; 17; 7; 18]; [16; 7; 17; 0]; [18; 12; 19; 11]; [12; 16; 13; 19]],9.5858594940,10,31
10^3_68,[[0; 10; 1; 9]; [8; 2; 9; 1]; [2; 8; 3; 15]; [14; 4; 15; 3]; [4; 14; 5; 13]; [10; 6; 11; 5]; [17; 7; 18; 6]; [7; 17; 0; 16]; [18; 12; 19; 11]; [12; 16; 13; 19]],6.5517432879,10,31
10^3_69,[[0; 10; 1; 9]; [10; 2; 11; 1]; [2; 12; 3; 11]; [12; 4; 13; 3]; [4; 14; 5; 13]; [14; 6; 15; 5]; [6; 18; 7; 17]; [18; 0; 19; 7]; [8; 19; 9; 16]; [16; 15; 17; 8]],6.9273771123,10,31
10^3_70,[[0; 10; 1; 9]; [10; 2; 11; 1]; [2; 12; 3; 11]; [12; 4; 13; 3]; [4; 14; 5; 13]; [14; 6; 15; 5]; [6; 18; 7; 17]; [18; 0; 19; 7]; [19; 9; 16; 8]; [15; 17; 8; 16]],7.16371407 E-14,10,31
10^3_71,[[0; 9; 1; 10]; [10; 1; 11; 2]; [15; 3; 16; 2]; [3; 15; 4; 14]; [4; 11; 5; 12]; [12; 5; 13; 6]; [19; 7; 14; 6]; [7; 17; 0; 16]; [17; 8; 18; 9]; [13; 18; 8; 19]],2.06 E-7,10,31
10^3_72,[[9; 1; 10; 0]; [1; 11; 2; 10]; [15; 3; 16; 2]; [3; 15; 4; 14]; [11; 5; 12; 4]; [5; 13; 6; 12]; [19; 7; 14; 6]; [7; 17; 0; 16]; [17; 8; 18; 9]; [13; 18; 8; 19]],14.3576890257,10,31
10^3_73,[[9; 1; 10; 0]; [1; 18; 2; 19]; [11; 2; 12; 3]; [3; 15; 4; 14]; [15; 5; 16; 4]; [5; 12; 6; 13]; [13; 6; 8; 7]; [7; 17; 0; 16]; [17; 8; 18; 9]; [19; 11; 14; 10]],15.8637443096,10,31
10^3_74,[[0; 9; 1; 10]; [14; 1; 15; 2]; [2; 15; 3; 16]; [8; 3; 9; 4]; [4; 18; 5; 17]; [12; 6; 13; 5]; [6; 12; 7; 11]; [18; 0; 19; 7]; [10; 14; 11; 19]; [16; 8; 17; 13]],15.5509143828,10,31
8^4_1,[[5; 1; 6; 0]; [1; 7; 2; 6]; [13; 2; 14; 3]; [3; 12; 0; 13]; [9; 5; 10; 4]; [7; 9; 4; 8]; [15; 10; 12; 11]; [11; 14; 8; 15]],10.1494160641,8,31
8^4_2,[[0; 5; 1; 6]; [6; 1; 7; 2]; [13; 2; 14; 3]; [3; 12; 0; 13]; [9; 5; 10; 4]; [7; 9; 4; 8]; [15; 10; 12; 11]; [11; 14; 8; 15]],7.32772475342,8,31
8^4_3,[[0; 5; 1; 6]; [6; 1; 7; 2]; [13; 2; 14; 3]; [3; 12; 0; 13]; [4; 10; 5; 9]; [10; 4; 11; 7]; [15; 9; 12; 8]; [11; 15; 8; 14]],3.3 E-7,8,31
9^4_1,[[7; 1; 8; 0]; [1; 9; 2; 8]; [5; 3; 0; 2]; [3; 15; 4; 14]; [15; 5; 16; 4]; [11; 6; 12; 7]; [9; 12; 6; 13]; [17; 11; 14; 10]; [13; 17; 10; 16]],11.751836165,9,31
10^4_1,[[0; 8; 1; 7]; [8; 2; 9; 1]; [17; 3; 18; 2]; [3; 17; 4; 16]; [13; 5; 14; 4]; [5; 13; 0; 12]; [15; 6; 12; 7]; [9; 18; 10; 19]; [19; 10; 16; 11]; [11; 14; 6; 15]],1.05471187 E-14,10,31
10^4_2,[[7; 1; 8; 0]; [1; 9; 2; 8]; [11; 3; 12; 2]; [3; 16; 4; 17]; [17; 4; 18; 5]; [5; 13; 0; 12]; [15; 6; 10; 7]; [9; 10; 6; 11]; [13; 18; 14; 19]; [19; 14; 16; 15]],13.939685680,10,31
10^4_3,[[7; 0; 8; 1]; [1; 8; 2; 9]; [17; 3; 18; 2]; [3; 17; 4; 16]; [13; 5; 14; 4]; [5; 13; 0; 12]; [15; 6; 12; 7]; [9; 18; 10; 19]; [19; 10; 16; 11]; [11; 14; 6; 15]],12.7091731144,10,31
10^4_4,[[7; 0; 8; 1]; [1; 8; 2; 9]; [17; 3; 18; 2]; [3; 17; 4; 16]; [13; 5; 14; 4]; [5; 13; 0; 12]; [6; 12; 7; 15]; [9; 18; 10; 19]; [19; 10; 16; 11]; [14; 6; 15; 11]],7.3277247534,10,31
10^4_5,[[7; 0; 8; 1]; [1; 8; 2; 9]; [17; 3; 18; 2]; [3; 17; 4; 16]; [4; 13; 5; 14]; [12; 5; 13; 0]; [6; 12; 7; 15]; [9; 18; 10; 19]; [19; 10; 16; 11]; [14; 6; 15; 11]],10.1494160641,10,31
10^4_6,[[0; 9; 1; 10]; [16; 2; 17; 1]; [2; 18; 3; 17]; [14; 4; 15; 3]; [4; 14; 5; 13]; [18; 6; 19; 5]; [6; 16; 7; 19]; [8; 7; 9; 0]; [10; 15; 11; 12]; [12; 11; 13; 8]],14.6030607534,10,31
10^4_7,[[0; 9; 1; 10]; [1; 16; 2; 17]; [17; 2; 18; 3]; [14; 4; 15; 3]; [4; 14; 5; 13]; [18; 6; 19; 5]; [6; 16; 7; 19]; [8; 7; 9; 0]; [10; 15; 11; 12]; [12; 11; 13; 8]],10.9915871301,10,31
10^4_8,[[0; 9; 1; 10]; [1; 16; 2; 17]; [17; 2; 18; 3]; [14; 4; 15; 3]; [4; 14; 5; 13]; [5; 18; 6; 19]; [19; 6; 16; 7]; [8; 7; 9; 0]; [10; 15; 11; 12]; [12; 11; 13; 8]],10.149416064,10,31
10^4_9,[[9; 1; 10; 0]; [16; 2; 17; 1]; [2; 18; 3; 17]; [14; 4; 15; 3]; [4; 14; 5; 13]; [18; 6; 19; 5]; [6; 16; 7; 19]; [7; 9; 0; 8]; [10; 15; 11; 12]; [12; 11; 13; 8]],12.8448530047,10,31
10^4_10,[[9; 1; 10; 0]; [1; 16; 2; 17]; [17; 2; 18; 3]; [14; 4; 15; 3]; [4; 14; 5; 13]; [18; 6; 19; 5]; [6; 16; 7; 19]; [7; 9; 0; 8]; [10; 15; 11; 12]; [12; 11; 13; 8]],10.9915871301,10,31
10^4_11,[[9; 1; 10; 0]; [16; 2; 17; 1]; [2; 18; 3; 17]; [14; 4; 15; 3]; [4; 14; 5; 13]; [18; 6; 19; 5]; [6; 16; 7; 19]; [7; 9; 0; 8]; [15; 11; 12; 10]; [11; 13; 8; 12]],10.1494160641,10,31
10^4_12,[[0; 8; 1; 7]; [10; 2; 11; 1]; [2; 9; 3; 6]; [12; 3; 13; 4]; [4; 17; 5; 18]; [18; 5; 19; 0]; [6; 12; 7; 11]; [8; 15; 9; 10]; [16; 14; 17; 13]; [14; 16; 15; 19]],15.4156985420,10,31
10^4_13,[[7; 1; 8; 0]; [1; 12; 2; 13]; [17; 2; 18; 3]; [3; 16; 4; 17]; [13; 4; 14; 5]; [5; 9; 0; 8]; [15; 6; 12; 7]; [9; 14; 10; 15]; [19; 10; 16; 11]; [11; 18; 6; 19]],15.482905631,10,31
10^4_14,[[0; 8; 1; 7]; [10; 2; 11; 1]; [2; 9; 3; 6]; [12; 3; 13; 4]; [17; 5; 18; 4]; [5; 19; 0; 18]; [6; 12; 7; 11]; [8; 15; 9; 10]; [16; 14; 17; 13]; [14; 16; 15; 19]],10.9915871301,10,31
10^4_15,[[7; 1; 8; 0]; [1; 12; 2; 13]; [17; 2; 18; 3]; [3; 16; 4; 17]; [13; 4; 14; 5]; [5; 9; 0; 8]; [15; 6; 12; 7]; [9; 14; 10; 15]; [10; 16; 11; 19]; [18; 6; 19; 11]],12.6612143203,10,31
10^4_16,[[7; 1; 8; 0]; [1; 12; 2; 13]; [2; 18; 3; 17]; [16; 4; 17; 3]; [13; 4; 14; 5]; [5; 9; 0; 8]; [15; 6; 12; 7]; [9; 14; 10; 15]; [10; 16; 11; 19]; [18; 6; 19; 11]],5.33,10,31
10^4_17,[[0; 8; 1; 7]; [14; 2; 15; 1]; [2; 9; 3; 6]; [16; 4; 17; 3]; [4; 12; 5; 11]; [18; 5; 19; 0]; [6; 10; 7; 15]; [8; 13; 9; 14]; [10; 17; 11; 18]; [12; 16; 13; 19]],17.4771408175,10,31
10^4_18,[[7; 1; 8; 0]; [18; 2; 19; 1]; [2; 11; 3; 12]; [16; 3; 17; 4]; [9; 4; 6; 5]; [5; 15; 0; 14]; [15; 6; 10; 7]; [13; 9; 14; 8]; [10; 17; 11; 18]; [12; 16; 13; 19]],7.327724753,10,31
10^4_19,[[0; 8; 1; 7]; [8; 2; 9; 1]; [2; 0; 3; 5]; [14; 4; 15; 3]; [4; 16; 5; 15]; [6; 11; 7; 12]; [12; 9; 13; 6]; [10; 17; 11; 18]; [18; 13; 19; 10]; [16; 14; 17; 19]],12.7091731144,10,31
10^4_20,[[0; 7; 1; 8]; [6; 1; 7; 2]; [2; 15; 3; 16]; [18; 3; 19; 4]; [4; 19; 5; 14]; [14; 5; 15; 0]; [8; 11; 9; 12]; [10; 9; 11; 6]; [12; 17; 13; 18]; [16; 13; 17; 10]],13.271869742,10,31
10^4_21,[[0; 7; 1; 8]; [6; 1; 7; 2]; [2; 15; 3; 16]; [18; 3; 19; 4]; [4; 19; 5; 14]; [14; 5; 15; 0]; [11; 9; 12; 8]; [9; 11; 6; 10]; [12; 17; 13; 18]; [16; 13; 17; 10]],11.202941612,10,31
10^4_22,[[0; 7; 1; 8]; [6; 1; 7; 2]; [2; 11; 3; 6]; [10; 3; 11; 4]; [4; 17; 5; 18]; [16; 5; 17; 0]; [8; 13; 9; 14]; [12; 9; 13; 10]; [14; 19; 15; 16]; [18; 15; 19; 12]],11.8666120686,10,31
10^4_23,[[0; 7; 1; 8]; [6; 1; 7; 2]; [2; 11; 3; 6]; [10; 3; 11; 4]; [4; 17; 5; 18]; [16; 5; 17; 0]; [8; 13; 9; 14]; [12; 9; 13; 10]; [19; 15; 16; 14]; [15; 19; 12; 18]],8.9293178231,10,31
10^4_24,[[0; 7; 1; 8]; [6; 1; 7; 2]; [2; 11; 3; 6]; [10; 3; 11; 4]; [17; 5; 18; 4]; [5; 17; 0; 16]; [8; 13; 9; 14]; [12; 9; 13; 10]; [19; 15; 16; 14]; [15; 19; 12; 18]],7.3277247534,10,31
10^5_1,[[5; 0; 6; 1]; [1; 4; 2; 5]; [17; 2; 18; 3]; [3; 16; 0; 17]; [9; 6; 10; 7]; [7; 8; 4; 9]; [13; 11; 14; 10]; [11; 15; 8; 14]; [19; 13; 16; 12]; [15; 19; 12; 18]],14.6030607534,10,31
10^5_2,[[0; 6; 1; 5]; [4; 2; 5; 1]; [17; 2; 18; 3]; [3; 16; 0; 17]; [9; 6; 10; 7]; [7; 8; 4; 9]; [13; 11; 14; 10]; [11; 15; 8; 14]; [19; 13; 16; 12]; [15; 19; 12; 18]],12.844853005,10,31
10^5_3,[[0; 6; 1; 5]; [4; 2; 5; 1]; [2; 18; 3; 17]; [16; 0; 17; 3]; [9; 6; 10; 7]; [7; 8; 4; 9]; [13; 11; 14; 10]; [11; 15; 8; 14]; [19; 13; 16; 12]; [15; 19; 12; 18]],10.1494160641,10,31
